grupo,_Arrecadação,_Part na Arrecadação,AjusteCodSubclasse
FABRICAÇÃO DE PRODUTOS DERIVADOS DO PETRÓLEO,"R$ 5802700135,21","13,3%",1921700
"GERAÇÃO, TRANSMISSÃO E DISTRIBUIÇÃO DE ENERGIA ELÉTRICA","R$ 2334813125,67","5,4%",3514000
COMÉRCIO VAREJISTA NÃO ESPECIALIZADO,"R$ 1493104887,33","3,4%",4711302
FABRICAÇÃO DE BEBIDAS ALCOÓLICAS,"R$ 1448458906,79","3,3%",1113502
COMÉRCIO ATACADISTA DE PRODUTOS DE CONSUMO NÃO ALIMENTAR,"R$ 1033226648,36","2,4%",4644301
FABRICAÇÃO DE BEBIDAS NÃO ALCOÓLICAS,"R$ 1010655472,19","2,3%",1122401
COMÉRCIO VAREJISTA DE PRODUTOS NOVOS NÃO ESPECIFICADOS ANTERIORMENTE E DE PRODUTOS USADOS,"R$ 814161325,71","1,9%",4781400
TRANSPORTE RODOVIÁRIO DE CARGA,"R$ 786754517,22","1,8%",4930202
FABRICAÇÃO DE TRATORES E DE MÁQUINAS E EQUIPAMENTOS PARA A AGRICULTURA E PECUÁRIA,"R$ 718762256,19","1,7%",2833000
"MOAGEM, FABRICAÇÃO DE PRODUTOS AMILÁCEOS E DE ALIMENTOS PARA ANIMAIS","R$ 699691643,30","1,6%",1061901
"COMÉRCIO ATACADISTA ESPECIALIZADO EM PRODUTOS ALIMENTÍCIOS, BEBIDAS E FUMO","R$ 676410068,59","1,6%",4636202
COMÉRCIO ATACADISTA DE PRODUTOS DE CONSUMO NÃO ALIMENTAR,"R$ 662547274,70","1,5%",4646001
"COMÉRCIO ATACADISTA ESPECIALIZADO EM PRODUTOS ALIMENTÍCIOS, BEBIDAS E FUMO","R$ 640134175,64","1,5%",4635402
"FABRICAÇÃO DE AUTOMÓVEIS, CAMIONETAS E UTILITÁRIOS","R$ 625818962,71","1,4%",2910701
TELECOMUNICAÇÕES POR FIO,"R$ 563267671,96","1,3%",6110801
COMÉRCIO ATACADISTA DE PRODUTOS DE CONSUMO NÃO ALIMENTAR,"R$ 470209690,17","1,1%",4646002
FABRICAÇÃO DE RESINAS E ELASTÔMEROS,"R$ 465253682,69","1,1%",2031200
FABRICAÇÃO DE PEÇAS E ACESSÓRIOS PARA VEÍCULOS AUTOMOTORES,"R$ 428646878,39","1,0%",2949299
COMÉRCIO DE VEÍCULOS AUTOMOTORES,"R$ 403051610,04","0,9%",4511103
COMÉRCIO DE PEÇAS E ACESSÓRIOS PARA VEÍCULOS AUTOMOTORES,"R$ 402085816,79","0,9%",4530701
COMÉRCIO VAREJISTA NÃO ESPECIALIZADO,"R$ 399169690,82","0,9%",4711301
FABRICAÇÃO DE PRODUTOS QUÍMICOS ORGÂNICOS,"R$ 380001470,11","0,9%",2021500
"GERAÇÃO, TRANSMISSÃO E DISTRIBUIÇÃO DE ENERGIA ELÉTRICA","R$ 375742719,88","0,9%",3513100
COMÉRCIO ATACADISTA ESPECIALIZADO EM OUTROS PRODUTOS,"R$ 323806384,90","0,7%",4681801
"COMÉRCIO ATACADISTA ESPECIALIZADO EM PRODUTOS ALIMENTÍCIOS, BEBIDAS E FUMO","R$ 315644359,59","0,7%",4639701
"GERAÇÃO, TRANSMISSÃO E DISTRIBUIÇÃO DE ENERGIA ELÉTRICA","R$ 306671806,74","0,7%",3511501
COMÉRCIO VAREJISTA NÃO ESPECIALIZADO,"R$ 299525526,92","0,7%",4712100
COMÉRCIO VAREJISTA DE EQUIPAMENTOS DE INFORMÁTICA E COMUNICAÇÃO; EQUIPAMENTOS E ARTIGOS DE USO DOMÉSTICO,"R$ 282790019,25","0,6%",4753900
FABRICAÇÃO DE MÓVEIS,"R$ 281302935,17","0,6%",3101200
COMÉRCIO ATACADISTA ESPECIALIZADO EM OUTROS PRODUTOS,"R$ 251707195,12","0,6%",4681805
"FABRICAÇÃO DE TINTAS, VERNIZES, ESMALTES, LACAS E PRODUTOS AFINS","R$ 232800715,61","0,5%",2071100
RESTAURANTES E OUTROS SERVIÇOS DE ALIMENTAÇÃO E BEBIDAS,"R$ 221848519,41","0,5%",5611201
FABRICAÇÃO DE BEBIDAS ALCOÓLICAS,"R$ 217492824,04","0,5%",1112700
COMÉRCIO VAREJISTA DE MATERIAL DE CONSTRUÇÃO,"R$ 214202441,53","0,5%",4744099
FABRICAÇÃO DE BIOCOMBUSTÍVEIS,"R$ 211630940,83","0,5%",1932200
FABRICAÇÃO DE PRODUTOS DE METAL NÃO ESPECIFICADOS ANTERIORMENTE,"R$ 210926559,24","0,5%",2599399
COMÉRCIO VAREJISTA DE EQUIPAMENTOS DE INFORMÁTICA E COMUNICAÇÃO; EQUIPAMENTOS E ARTIGOS DE USO DOMÉSTICO,"R$ 210287615,28","0,5%",4754701
TELECOMUNICAÇÕES SEM FIO,"R$ 208594427,17","0,5%",6120501
FABRICAÇÃO DE PRODUTOS DE BORRACHA,"R$ 206048064,23","0,5%",2211100
COMÉRCIO VAREJISTA DE PRODUTOS NOVOS NÃO ESPECIFICADOS ANTERIORMENTE E DE PRODUTOS USADOS,"R$ 201170445,34","0,5%",4789099
FABRICAÇÃO DE CIMENTO,"R$ 190326007,68","0,4%",2320600
FABRICAÇÃO DE PRODUTOS DE MATERIAL PLÁSTICO,"R$ 186631099,18","0,4%",2222600
"COMÉRCIO VAREJISTA DE PRODUTOS FARMACÊUTICOS, PERFUMARIA E COSMÉTICOS E ARTIGOS MÉDICOS, ÓPTICOS E ORTOPÉDICOS","R$ 183935334,71","0,4%",4771701
ABATE E FABRICAÇÃO DE PRODUTOS DE CARNE,"R$ 179165114,54","0,4%",1011201
COMÉRCIO VAREJISTA DE PRODUTOS NOVOS NÃO ESPECIFICADOS ANTERIORMENTE E DE PRODUTOS USADOS,"R$ 177876710,71","0,4%",4782201
SIDERURGIA,"R$ 175237652,13","0,4%",2423702
COMÉRCIO VAREJISTA DE MATERIAL DE CONSTRUÇÃO,"R$ 168513901,31","0,4%",4744001
PRODUÇÃO DE LAVOURAS TEMPORÁRIAS,"R$ 168328515,64","0,4%",0111301
FABRICAÇÃO DE PRODUTOS QUÍMICOS INORGÂNICOS,"R$ 166977292,27","0,4%",2013402
"MOAGEM, FABRICAÇÃO DE PRODUTOS AMILÁCEOS E DE ALIMENTOS PARA ANIMAIS","R$ 164169974,80","0,4%",1066000
LATICÍNIOS,"R$ 154088104,31","0,4%",1052000
FABRICAÇÃO DE CALÇADOS,"R$ 152952769,88","0,4%",1539400
TELECOMUNICAÇÕES SEM FIO,"R$ 152142317,90","0,3%",6120502
COMÉRCIO ATACADISTA ESPECIALIZADO EM OUTROS PRODUTOS,"R$ 148457327,86","0,3%",4685100
"MOAGEM, FABRICAÇÃO DE PRODUTOS AMILÁCEOS E DE ALIMENTOS PARA ANIMAIS","R$ 144638991,96","0,3%",1062700
FABRICAÇÃO DE PRODUTOS DE MATERIAL PLÁSTICO,"R$ 138908533,98","0,3%",2229399
LATICÍNIOS,"R$ 138705751,37","0,3%",1051100
COMÉRCIO VAREJISTA DE EQUIPAMENTOS DE INFORMÁTICA E COMUNICAÇÃO; EQUIPAMENTOS E ARTIGOS DE USO DOMÉSTICO,"R$ 134822719,70","0,3%",4759899
FABRICAÇÃO DE PRODUTOS DE MATERIAL PLÁSTICO,"R$ 130347246,14","0,3%",2229302
COMÉRCIO ATACADISTA ESPECIALIZADO EM OUTROS PRODUTOS,"R$ 129873306,44","0,3%",4682600
"COMÉRCIO ATACADISTA ESPECIALIZADO EM PRODUTOS ALIMENTÍCIOS, BEBIDAS E FUMO","R$ 127271595,97","0,3%",4631100
"COMÉRCIO ATACADISTA DE MADEIRA, FERRAGENS, FERRAMENTAS, MATERIAL ELÉTRICO E MATERIAL DE CONSTRUÇÃO","R$ 126866652,61","0,3%",4672900
FABRICAÇÃO DE PRODUTOS E PREPARADOS QUÍMICOS DIVERSOS,"R$ 121536248,53","0,3%",2099199
FABRICAÇÃO DE PRODUTOS DE BORRACHA,"R$ 119225338,98","0,3%",2219600
"COMÉRCIO ATACADISTA DE MÁQUINAS, APARELHOS E EQUIPAMENTOS, EXCETO DE TECNOLOGIAS DE INFORMAÇÃO E COMUNICAÇÃO","R$ 116528242,07","0,3%",4663000
TELECOMUNICAÇÕES POR FIO,"R$ 116004377,75","0,3%",6110803
COMÉRCIO DE PEÇAS E ACESSÓRIOS PARA VEÍCULOS AUTOMOTORES,"R$ 115595403,20","0,3%",4530702
COMÉRCIO ATACADISTA ESPECIALIZADO EM OUTROS PRODUTOS,"R$ 115446851,57","0,3%",4689399
COMÉRCIO ATACADISTA ESPECIALIZADO EM OUTROS PRODUTOS,"R$ 114383838,79","0,3%",4683400
"COMÉRCIO ATACADISTA DE MÁQUINAS, APARELHOS E EQUIPAMENTOS, EXCETO DE TECNOLOGIAS DE INFORMAÇÃO E COMUNICAÇÃO","R$ 112185831,99","0,3%",4661300
COMÉRCIO DE PEÇAS E ACESSÓRIOS PARA VEÍCULOS AUTOMOTORES,"R$ 111751956,63","0,3%",4530703
FABRICAÇÃO DE CALÇADOS,"R$ 109987310,93","0,3%",1531901
FABRICAÇÃO DE PEÇAS E ACESSÓRIOS PARA VEÍCULOS AUTOMOTORES,"R$ 107826262,38","0,2%",2941700
"FABRICAÇÃO DE PAPEL, CARTOLINA E PAPEL-CARTÃO","R$ 106760990,77","0,2%",1721400
COMÉRCIO ATACADISTA DE MATÉRIAS-PRIMAS AGRÍCOLAS E ANIMAIS VIVOS,"R$ 106370729,94","0,2%",4622200
"COMÉRCIO VAREJISTA DE PRODUTOS ALIMENTÍCIOS, BEBIDAS E FUMO","R$ 106041631,49","0,2%",4729699
"COMÉRCIO ATACADISTA ESPECIALIZADO EM PRODUTOS ALIMENTÍCIOS, BEBIDAS E FUMO","R$ 105081716,45","0,2%",4632001
COMÉRCIO VAREJISTA DE MATERIAL DE CONSTRUÇÃO,"R$ 104286644,80","0,2%",4742300
COMÉRCIO ATACADISTA NÃO ESPECIALIZADO,"R$ 104056150,52","0,2%",4691500
COMÉRCIO VAREJISTA DE EQUIPAMENTOS DE INFORMÁTICA E COMUNICAÇÃO; EQUIPAMENTOS E ARTIGOS DE USO DOMÉSTICO,"R$ 103154677,65","0,2%",4751201
"COMÉRCIO ATACADISTA ESPECIALIZADO EM PRODUTOS ALIMENTÍCIOS, BEBIDAS E FUMO","R$ 101446811,44","0,2%",4634601
COMÉRCIO ATACADISTA DE PRODUTOS DE CONSUMO NÃO ALIMENTAR,"R$ 97945694,69","0,2%",4645101
COMÉRCIO VAREJISTA NÃO ESPECIALIZADO,"R$ 97411980,06","0,2%",4713001
"FABRICAÇÃO DE ARTIGOS DE CUTELARIA, DE SERRALHERIA E FERRAMENTAS","R$ 95925137,92","0,2%",2543800
"COMÉRCIO ATACADISTA DE MADEIRA, FERRAGENS, FERRAMENTAS, MATERIAL ELÉTRICO E MATERIAL DE CONSTRUÇÃO","R$ 94568623,81","0,2%",4679604
FABRICAÇÃO DE CALÇADOS,"R$ 93823740,05","0,2%",1533500
"COMÉRCIO VAREJISTA DE PRODUTOS FARMACÊUTICOS, PERFUMARIA E COSMÉTICOS E ARTIGOS MÉDICOS, ÓPTICOS E ORTOPÉDICOS","R$ 92329984,29","0,2%",4772500
FABRICAÇÃO DE PRODUTOS QUÍMICOS INORGÂNICOS,"R$ 91923838,58","0,2%",2013400
"COMÉRCIO VAREJISTA DE ARTIGOS CULTURAIS, RECREATIVOS E ESPORTIVOS","R$ 91813925,14","0,2%",4763602
"FABRICAÇÃO DE SABÕES, DETERGENTES, PRODUTOS DE LIMPEZA, COSMÉTICOS, PRODUTOS DE PERFUMARIA E DE HIGIENE PESSOAL","R$ 91351995,82","0,2%",2063100
RESTAURANTES E OUTROS SERVIÇOS DE ALIMENTAÇÃO E BEBIDAS,"R$ 90658688,27","0,2%",5611203
"COMÉRCIO ATACADISTA ESPECIALIZADO EM PRODUTOS ALIMENTÍCIOS, BEBIDAS E FUMO","R$ 90275813,80","0,2%",4637199
ABATE E FABRICAÇÃO DE PRODUTOS DE CARNE,"R$ 89638177,53","0,2%",1012103
"FABRICAÇÃO DE EMBALAGENS DE PAPEL, CARTOLINA, PAPEL-CARTÃO E PAPELÃO ONDULADO","R$ 89496194,55","0,2%",1733800
ABATE E FABRICAÇÃO DE PRODUTOS DE CARNE,"R$ 89049100,17","0,2%",1012101
FABRICAÇÃO DE PRODUTOS DE MATERIAL PLÁSTICO,"R$ 88454361,66","0,2%",2229303
FABRICAÇÃO DE MÁQUINAS E EQUIPAMENTOS DE USO GERAL,"R$ 86693948,43","0,2%",2829199
COMÉRCIO VAREJISTA DE MATERIAL DE CONSTRUÇÃO,"R$ 85349466,66","0,2%",4744005
"COMÉRCIO VAREJISTA DE ARTIGOS CULTURAIS, RECREATIVOS E ESPORTIVOS","R$ 85069278,14","0,2%",4761003
"FABRICAÇÃO DE EMBALAGENS DE PAPEL, CARTOLINA, PAPEL-CARTÃO E PAPELÃO ONDULADO","R$ 83147022,36","0,2%",1731100
COMÉRCIO ATACADISTA DE MATÉRIAS-PRIMAS AGRÍCOLAS E ANIMAIS VIVOS,"R$ 81830441,64","0,2%",4623109
FABRICAÇÃO DE BEBIDAS ALCOÓLICAS,"R$ 80956930,84","0,2%",1113501
FABRICAÇÃO DE PRODUTOS CERÂMICOS,"R$ 80779479,11","0,2%",2342701
FABRICAÇÃO DE PRODUTOS DE METAL NÃO ESPECIFICADOS ANTERIORMENTE,"R$ 77918470,80","0,2%",2593400
COMÉRCIO VAREJISTA DE COMBUSTÍVEIS PARA VEÍCULOS AUTOMOTORES,"R$ 77546397,13","0,2%",4731800
FABRICAÇÃO DE PRODUTOS QUÍMICOS INORGÂNICOS,"R$ 77458114,40","0,2%",2014200
FABRICAÇÃO DE PRODUTOS DE MATERIAL PLÁSTICO,"R$ 77242872,58","0,2%",2223400
"COMÉRCIO ATACADISTA ESPECIALIZADO EM PRODUTOS ALIMENTÍCIOS, BEBIDAS E FUMO","R$ 76648573,68","0,2%",4637103
COMÉRCIO DE VEÍCULOS AUTOMOTORES,"R$ 76234969,83","0,2%",4511101
FABRICAÇÃO DE PRODUTOS DE MATERIAL PLÁSTICO,"R$ 74030438,70","0,2%",2229301
COMÉRCIO ATACADISTA ESPECIALIZADO EM OUTROS PRODUTOS,"R$ 73957710,76","0,2%",4684299
FABRICAÇÃO DE MÁQUINAS E EQUIPAMENTOS DE USO INDUSTRIAL ESPECÍFICO,"R$ 72710097,06","0,2%",2869100
COMÉRCIO ATACADISTA DE PRODUTOS DE CONSUMO NÃO ALIMENTAR,"R$ 72384887,25","0,2%",4642701
PRODUÇÃO E DISTRIBUIÇÃO DE COMBUSTÍVEIS GASOSOS POR REDES URBANAS,"R$ 71150277,54","0,2%",3520401
COMÉRCIO ATACADISTA DE PRODUTOS DE CONSUMO NÃO ALIMENTAR,"R$ 70338567,65","0,2%",4649408
"FABRICAÇÃO DE SABÕES, DETERGENTES, PRODUTOS DE LIMPEZA, COSMÉTICOS, PRODUTOS DE PERFUMARIA E DE HIGIENE PESSOAL","R$ 69644217,31","0,2%",2061400
FABRICAÇÃO DE PEÇAS E ACESSÓRIOS PARA VEÍCULOS AUTOMOTORES,"R$ 69439063,89","0,2%",2944100
COMÉRCIO ATACADISTA NÃO ESPECIALIZADO,"R$ 69256013,92","0,2%",4693100
"SERVIÇOS DE CATERING, BUFÊ E OUTROS SERVIÇOS DE COMIDA PREPARADA","R$ 69179526,89","0,2%",5620101
FUNDIÇÃO,"R$ 68870360,81","0,2%",2451200
COMÉRCIO ATACADISTA DE PRODUTOS DE CONSUMO NÃO ALIMENTAR,"R$ 68227477,47","0,2%",4649499
CONFECÇÃO DE ARTIGOS DO VESTUÁRIO E ACESSÓRIOS,"R$ 68077479,43","0,2%",1412601
"FABRICAÇÃO DE CONSERVAS DE FRUTAS, LEGUMES E OUTROS VEGETAIS","R$ 67821251,16","0,2%",1033301
FABRICAÇÃO DE ESTRUTURAS METÁLICAS E OBRAS DE CALDEIRARIA PESADA,"R$ 67630958,17","0,2%",2512800
"COMÉRCIO ATACADISTA DE MÁQUINAS, APARELHOS E EQUIPAMENTOS, EXCETO DE TECNOLOGIAS DE INFORMAÇÃO E COMUNICAÇÃO","R$ 66471563,32","0,2%",4669999
TRANSPORTE RODOVIÁRIO DE CARGA,"R$ 65669383,85","0,2%",4930203
FABRICAÇÃO DE MÓVEIS,"R$ 65665188,49","0,2%",3102100
"FABRICAÇÃO DE MOTORES, BOMBAS, COMPRESSORES E EQUIPAMENTOS DE TRANSMISSÃO","R$ 65652551,60","0,2%",2813500
FABRICAÇÃO DE PRODUTOS DIVERSOS,"R$ 65647867,84","0,2%",3291400
"FABRICAÇÃO DE PRODUTOS DE MADEIRA, CORTIÇA E MATERIAL TRANÇADO, EXCETO MÓVEIS","R$ 65385620,60","0,2%",1621800
"FABRICAÇÃO DE MOTORES, BOMBAS, COMPRESSORES E EQUIPAMENTOS DE TRANSMISSÃO","R$ 65316916,20","0,2%",2812700
COMÉRCIO VAREJISTA DE PRODUTOS NOVOS NÃO ESPECIFICADOS ANTERIORMENTE E DE PRODUTOS USADOS,"R$ 64639178,16","0,1%",4789004
FABRICAÇÃO DE OUTROS PRODUTOS ALIMENTÍCIOS,"R$ 64180832,76","0,1%",1099699
"FABRICAÇÃO DE ARTEFATOS DE CONCRETO, CIMENTO, FIBROCIMENTO, GESSO E MATERIAIS SEMELHANTES","R$ 63709977,45","0,1%",2330302
COMÉRCIO VAREJISTA DE PRODUTOS NOVOS NÃO ESPECIFICADOS ANTERIORMENTE E DE PRODUTOS USADOS,"R$ 63368670,72","0,1%",4783101
"COMÉRCIO ATACADISTA ESPECIALIZADO EM PRODUTOS ALIMENTÍCIOS, BEBIDAS E FUMO","R$ 62632502,95","0,1%",4635499
FABRICAÇÃO DE COMPONENTES ELETRÔNICOS,"R$ 62216482,42","0,1%",2610800
FABRICAÇÃO DE MÁQUINAS-FERRAMENTA,"R$ 61456747,84","0,1%",2840200
FABRICAÇÃO DE MÁQUINAS E EQUIPAMENTOS DE USO GERAL,"R$ 60751306,65","0,1%",2823200
FABRICAÇÃO DE MÁQUINAS E EQUIPAMENTOS DE USO NA EXTRAÇÃO MINERAL E NA CONSTRUÇÃO,"R$ 59757941,77","0,1%",2854200
LATICÍNIOS,"R$ 59239311,63","0,1%",1053800
"FABRICAÇÃO DE PRODUTOS DIVERSOS DE PAPEL, CARTOLINA, PAPEL-CARTÃO E PAPELÃO ONDULADO","R$ 59188856,18","0,1%",1742799
FABRICAÇÃO DE PEÇAS E ACESSÓRIOS PARA VEÍCULOS AUTOMOTORES,"R$ 58653927,44","0,1%",2943300
"COMÉRCIO VAREJISTA DE PRODUTOS FARMACÊUTICOS, PERFUMARIA E COSMÉTICOS E ARTIGOS MÉDICOS, ÓPTICOS E ORTOPÉDICOS","R$ 57399796,77","0,1%",4774100
OUTRAS ATIVIDADES DE TELECOMUNICAÇÕES,"R$ 56314860,78","0,1%",6190699
"MOAGEM, FABRICAÇÃO DE PRODUTOS AMILÁCEOS E DE ALIMENTOS PARA ANIMAIS","R$ 56303528,25","0,1%",1069400
APARELHAMENTO DE PEDRAS E FABRICAÇÃO DE OUTROS PRODUTOS DE MINERAIS NÃO METÁLICOS,"R$ 55058755,04","0,1%",2399199
FABRICAÇÃO DE ESTRUTURAS METÁLICAS E OBRAS DE CALDEIRARIA PESADA,"R$ 54625295,96","0,1%",2511000
FABRICAÇÃO DE ÓLEOS E GORDURAS VEGETAIS E ANIMAIS,"R$ 54298323,41","0,1%",1041400
"FABRICAÇÃO DE APARELHOS DE RECEPÇÃO, REPRODUÇÃO, GRAVAÇÃO E AMPLIFICAÇÃO DE ÁUDIO E VÍDEO","R$ 52962381,98","0,1%",2640000
FABRICAÇÃO DE OUTROS PRODUTOS ALIMENTÍCIOS,"R$ 52604777,27","0,1%",1091101
FABRICAÇÃO DE MÁQUINAS E EQUIPAMENTOS DE USO GERAL,"R$ 52356891,68","0,1%",2822402
"FABRICAÇÃO DE PARTES PARA CALÇADOS, DE QUALQUER MATERIAL","R$ 50680251,99","0,1%",1540800
"COMÉRCIO ATACADISTA DE MÁQUINAS, APARELHOS E EQUIPAMENTOS, EXCETO DE TECNOLOGIAS DE INFORMAÇÃO E COMUNICAÇÃO","R$ 50658648,42","0,1%",4665600
"COMÉRCIO VAREJISTA DE PRODUTOS ALIMENTÍCIOS, BEBIDAS E FUMO","R$ 50526760,56","0,1%",4721104
COMÉRCIO VAREJISTA NÃO ESPECIALIZADO,"R$ 49595371,82","0,1%",4713004
ABATE E FABRICAÇÃO DE PRODUTOS DE CARNE,"R$ 49527784,07","0,1%",1013901
FABRICAÇÃO DE PEÇAS E ACESSÓRIOS PARA VEÍCULOS AUTOMOTORES,"R$ 49105102,26","0,1%",2945000
"COMÉRCIO ATACADISTA ESPECIALIZADO EM PRODUTOS ALIMENTÍCIOS, BEBIDAS E FUMO","R$ 48807362,29","0,1%",4637106
FABRICAÇÃO DE CAMINHÕES E ÔNIBUS,"R$ 48174612,35","0,1%",2920401
FABRICAÇÃO DE EQUIPAMENTOS E APARELHOS ELÉTRICOS NÃO ESPECIFICADOS ANTERIORMENTE,"R$ 47640777,58","0,1%",2790299
"FABRICAÇÃO DE ARTIGOS DE CUTELARIA, DE SERRALHERIA E FERRAMENTAS","R$ 47432516,75","0,1%",2541100
"COMÉRCIO ATACADISTA DE MADEIRA, FERRAGENS, FERRAMENTAS, MATERIAL ELÉTRICO E MATERIAL DE CONSTRUÇÃO","R$ 46660317,07","0,1%",4673700
"COMÉRCIO ATACADISTA DE MADEIRA, FERRAGENS, FERRAMENTAS, MATERIAL ELÉTRICO E MATERIAL DE CONSTRUÇÃO","R$ 46220950,77","0,1%",4674500
COMÉRCIO ATACADISTA DE MATÉRIAS-PRIMAS AGRÍCOLAS E ANIMAIS VIVOS,"R$ 46067742,38","0,1%",4623199
"COMÉRCIO ATACADISTA DE MADEIRA, FERRAGENS, FERRAMENTAS, MATERIAL ELÉTRICO E MATERIAL DE CONSTRUÇÃO","R$ 45730672,91","0,1%",4679601
COMÉRCIO VAREJISTA NÃO ESPECIALIZADO,"R$ 45224675,42","0,1%",4713002
"COMÉRCIO ATACADISTA DE MADEIRA, FERRAGENS, FERRAMENTAS, MATERIAL ELÉTRICO E MATERIAL DE CONSTRUÇÃO","R$ 44786750,08","0,1%",4679699
"COMÉRCIO VAREJISTA DE ARTIGOS CULTURAIS, RECREATIVOS E ESPORTIVOS","R$ 44714322,05","0,1%",4763601
"FABRICAÇÃO DE CABINES, CARROCERIAS E REBOQUES PARA VEÍCULOS AUTOMOTORES","R$ 44057199,32","0,1%",2930101
"FABRICAÇÃO DE APARELHOS E INSTRUMENTOS DE MEDIDA, TESTE E CONTROLE; CRONÔMETROS E RELÓGIOS","R$ 43644632,70","0,1%",2651500
FABRICAÇÃO DE MÁQUINAS E EQUIPAMENTOS DE USO INDUSTRIAL ESPECÍFICO,"R$ 43546958,22","0,1%",2862300
"EXTRAÇÃO DE PEDRA, AREIA E ARGILA","R$ 43519935,01","0,1%",0810099
OUTRAS ATIVIDADES DE TELECOMUNICAÇÕES,"R$ 42564773,14","0,1%",6190601
FABRICAÇÃO DE VIDRO E DE PRODUTOS DO VIDRO,"R$ 40893887,40","0,1%",2312500
"FABRICAÇÃO DE MOTORES, BOMBAS, COMPRESSORES E EQUIPAMENTOS DE TRANSMISSÃO","R$ 40720402,03","0,1%",2815102
"FORJARIA, ESTAMPARIA, METALURGIA DO PÓ E SERVIÇOS DE TRATAMENTO DE METAIS","R$ 40564277,30","0,1%",2532201
"FABRICAÇÃO DE EQUIPAMENTO BÉLICO PESADO, ARMAS E MUNIÇÕES","R$ 40382709,94","0,1%",2550102
FABRICAÇÃO DE BEBIDAS NÃO ALCOÓLICAS,"R$ 40329444,51","0,1%",1122499
FABRICAÇÃO DE PRODUTOS DE METAL NÃO ESPECIFICADOS ANTERIORMENTE,"R$ 39913398,89","0,1%",2591800
FABRICAÇÃO DE PRODUTOS DE METAL NÃO ESPECIFICADOS ANTERIORMENTE,"R$ 39749011,37","0,1%",2592601
FABRICAÇÃO DE VIDRO E DE PRODUTOS DO VIDRO,"R$ 39295523,82","0,1%",2319200
FABRICAÇÃO DE EQUIPAMENTOS PARA DISTRIBUIÇÃO E CONTROLE DE ENERGIA ELÉTRICA,"R$ 38653036,48","0,1%",2732500
"FABRICAÇÃO DE CONSERVAS DE FRUTAS, LEGUMES E OUTROS VEGETAIS","R$ 38508643,71","0,1%",1031700
"FABRICAÇÃO DE GERADORES, TRANSFORMADORES E MOTORES ELÉTRICOS","R$ 37844391,05","0,1%",2710402
"GERAÇÃO, TRANSMISSÃO E DISTRIBUIÇÃO DE ENERGIA ELÉTRICA","R$ 37685725,36","0,1%",3512300
FABRICAÇÃO DE PRODUTOS FARMACÊUTICOS,"R$ 37606453,70","0,1%",2121101
FABRICAÇÃO DE CELULOSE E OUTRAS PASTAS PARA A FABRICAÇÃO DE PAPEL,"R$ 37509062,86","0,1%",1710900
FABRICAÇÃO DE PRODUTOS E PREPARADOS QUÍMICOS DIVERSOS,"R$ 37339838,97","0,1%",2091600
"FABRICAÇÃO DE PRODUTOS DIVERSOS DE PAPEL, CARTOLINA, PAPEL-CARTÃO E PAPELÃO ONDULADO","R$ 36532689,84","0,1%",1741902
"FABRICAÇÃO DE ARTEFATOS TÊXTEIS, EXCETO VESTUÁRIO","R$ 36344751,20","0,1%",1354500
FABRICAÇÃO DE BEBIDAS ALCOÓLICAS,"R$ 35900854,47","0,1%",1111901
"COMÉRCIO VAREJISTA DE PRODUTOS ALIMENTÍCIOS, BEBIDAS E FUMO","R$ 35603991,93","0,1%",4721102
"COMÉRCIO ATACADISTA ESPECIALIZADO EM PRODUTOS ALIMENTÍCIOS, BEBIDAS E FUMO","R$ 35589276,43","0,1%",4632003
"COMÉRCIO ATACADISTA DE MADEIRA, FERRAGENS, FERRAMENTAS, MATERIAL ELÉTRICO E MATERIAL DE CONSTRUÇÃO","R$ 35483536,82","0,1%",4671100
COMÉRCIO VAREJISTA DE PRODUTOS NOVOS NÃO ESPECIFICADOS ANTERIORMENTE E DE PRODUTOS USADOS,"R$ 35422706,68","0,1%",4789001
FABRICAÇÃO DE OUTROS PRODUTOS ALIMENTÍCIOS,"R$ 35192077,38","0,1%",1094500
"COMÉRCIO VAREJISTA DE PRODUTOS ALIMENTÍCIOS, BEBIDAS E FUMO","R$ 35007408,04","0,1%",4723700
FABRICAÇÃO DE ARTIGOS DE MALHARIA E TRICOTAGEM,"R$ 34790529,06","0,1%",1422300
FABRICAÇÃO DE PRODUTOS DE MATERIAL PLÁSTICO,"R$ 34774862,69","0,1%",2221800
COMÉRCIO VAREJISTA DE EQUIPAMENTOS DE INFORMÁTICA E COMUNICAÇÃO; EQUIPAMENTOS E ARTIGOS DE USO DOMÉSTICO,"R$ 34748635,87","0,1%",4752100
FABRICAÇÃO DE BEBIDAS NÃO ALCOÓLICAS,"R$ 34085986,96","0,1%",1121600
"COMÉRCIO ATACADISTA DE MÁQUINAS, APARELHOS E EQUIPAMENTOS, EXCETO DE TECNOLOGIAS DE INFORMAÇÃO E COMUNICAÇÃO","R$ 33854815,85","0,1%",4664800
TRANSPORTE RODOVIÁRIO DE CARGA,"R$ 33759095,73","0,1%",4930201
"FABRICAÇÃO DE ARTEFATOS DE CONCRETO, CIMENTO, FIBROCIMENTO, GESSO E MATERIAIS SEMELHANTES","R$ 33599586,46","0,1%",2330399
FABRICAÇÃO DE PRODUTOS DE METAL NÃO ESPECIFICADOS ANTERIORMENTE,"R$ 32886181,58","0,1%",2592602
COMÉRCIO VAREJISTA DE MATERIAL DE CONSTRUÇÃO,"R$ 32847314,94","0,1%",4741500
"COMÉRCIO VAREJISTA DE PRODUTOS FARMACÊUTICOS, PERFUMARIA E COSMÉTICOS E ARTIGOS MÉDICOS, ÓPTICOS E ORTOPÉDICOS","R$ 32763349,12","0,1%",4773300
COMÉRCIO ATACADISTA ESPECIALIZADO EM OUTROS PRODUTOS,"R$ 31283289,64","0,1%",4686902
FABRICAÇÃO DE PEÇAS E ACESSÓRIOS PARA VEÍCULOS AUTOMOTORES,"R$ 30834181,89","0,1%",2942500
PECUÁRIA,"R$ 30722968,03","0,1%",0151201
"COMÉRCIO ATACADISTA ESPECIALIZADO EM PRODUTOS ALIMENTÍCIOS, BEBIDAS E FUMO","R$ 30704699,33","0,1%",4637104
COMÉRCIO ATACADISTA NÃO ESPECIALIZADO,"R$ 30684058,06","0,1%",4692300
"FABRICAÇÃO DE PRODUTOS DIVERSOS DE PAPEL, CARTOLINA, PAPEL-CARTÃO E PAPELÃO ONDULADO","R$ 29996647,29","0,1%",1749400
FABRICAÇÃO DE EQUIPAMENTOS PARA DISTRIBUIÇÃO E CONTROLE DE ENERGIA ELÉTRICA,"R$ 29930152,93","0,1%",2731700
"FABRICAÇÃO DE PRODUTOS DE MADEIRA, CORTIÇA E MATERIAL TRANÇADO, EXCETO MÓVEIS","R$ 29467732,97","0,1%",1622602
COMÉRCIO DE VEÍCULOS AUTOMOTORES,"R$ 29404327,29","0,1%",4511104
COMÉRCIO ATACADISTA DE EQUIPAMENTOS E PRODUTOS DE TECNOLOGIAS DE INFORMAÇÃO E COMUNICAÇÃO,"R$ 28979028,06","0,1%",4652400
FABRICAÇÃO DE OUTROS PRODUTOS ALIMENTÍCIOS,"R$ 28624940,23","0,1%",1091100
DESDOBRAMENTO DE MADEIRA,"R$ 28434162,22","0,1%",1610201
"FABRICAÇÃO DE ARTEFATOS TÊXTEIS, EXCETO VESTUÁRIO","R$ 28260781,57","0,1%",1359600
COMÉRCIO ATACADISTA ESPECIALIZADO EM OUTROS PRODUTOS,"R$ 28229497,74","0,1%",4687703
"FABRICAÇÃO DE AUTOMÓVEIS, CAMIONETAS E UTILITÁRIOS","R$ 27400912,41","0,1%",2910703
FABRICAÇÃO DE PRODUTOS QUÍMICOS INORGÂNICOS,"R$ 27253375,13","0,1%",2019399
COMÉRCIO ATACADISTA DE PRODUTOS DE CONSUMO NÃO ALIMENTAR,"R$ 26977785,80","0,1%",4644302
COMÉRCIO ATACADISTA DE MATÉRIAS-PRIMAS AGRÍCOLAS E ANIMAIS VIVOS,"R$ 26848301,72","0,1%",4623106
PRODUÇÃO DE LAVOURAS TEMPORÁRIAS,"R$ 26843810,26","0,1%",0115600
FABRICAÇÃO DE OUTROS PRODUTOS ALIMENTÍCIOS,"R$ 26653419,23","0,1%",1099605
COMÉRCIO ATACADISTA DE PRODUTOS DE CONSUMO NÃO ALIMENTAR,"R$ 26101849,53","0,1%",4647801
FABRICAÇÃO DE PRODUTOS DIVERSOS,"R$ 25703281,60","0,1%",3299099
"FABRICAÇÃO DE ARTIGOS DE CUTELARIA, DE SERRALHERIA E FERRAMENTAS","R$ 25381691,42","0,1%",2542000
FABRICAÇÃO DE OUTROS PRODUTOS ALIMENTÍCIOS,"R$ 25286261,28","0,1%",1091102
COMÉRCIO VAREJISTA DE EQUIPAMENTOS DE INFORMÁTICA E COMUNICAÇÃO; EQUIPAMENTOS E ARTIGOS DE USO DOMÉSTICO,"R$ 25040318,93","0,1%",4755501
ATIVIDADE DE IMPRESSÃO,"R$ 24961652,02","0,1%",1813099
COMÉRCIO VAREJISTA DE EQUIPAMENTOS DE INFORMÁTICA E COMUNICAÇÃO; EQUIPAMENTOS E ARTIGOS DE USO DOMÉSTICO,"R$ 24694627,99","0,1%",4755503
FABRICAÇÃO DE MÓVEIS,"R$ 24627952,46","0,1%",3103900
COMÉRCIO VAREJISTA DE MATERIAL DE CONSTRUÇÃO,"R$ 24038769,83","0,1%",4744002
COMÉRCIO ATACADISTA DE PRODUTOS DE CONSUMO NÃO ALIMENTAR,"R$ 24014535,11","0,1%",4643501
FABRICAÇÃO DE BEBIDAS ALCOÓLICAS,"R$ 23760670,40","0,1%",1111902
"FORJARIA, ESTAMPARIA, METALURGIA DO PÓ E SERVIÇOS DE TRATAMENTO DE METAIS","R$ 23586310,93","0,1%",2531401
FABRICAÇÃO DE INSTRUMENTOS E MATERIAIS PARA USO MÉDICO E ODONTOLÓGICO E DE ARTIGOS ÓPTICOS,"R$ 23440170,66","0,1%",3250707
"FABRICAÇÃO DE PRODUTOS DE MADEIRA, CORTIÇA E MATERIAL TRANÇADO, EXCETO MÓVEIS","R$ 23392834,84","0,1%",1623400
"FABRICAÇÃO DE ARTEFATOS DE CONCRETO, CIMENTO, FIBROCIMENTO, GESSO E MATERIAIS SEMELHANTES","R$ 23077488,08","0,1%",2330301
COMÉRCIO DE VEÍCULOS AUTOMOTORES,"R$ 22775871,85","0,1%",4511102
COMÉRCIO VAREJISTA DE EQUIPAMENTOS DE INFORMÁTICA E COMUNICAÇÃO; EQUIPAMENTOS E ARTIGOS DE USO DOMÉSTICO,"R$ 22684569,45","0,1%",4751200
"COMÉRCIO ATACADISTA ESPECIALIZADO EM PRODUTOS ALIMENTÍCIOS, BEBIDAS E FUMO","R$ 22667934,33","0,1%",4637101
FABRICAÇÃO DE PRODUTOS QUÍMICOS ORGÂNICOS,"R$ 22654355,35","0,1%",2029100
SIDERURGIA,"R$ 22595966,82","0,1%",2422901
PROCESSAMENTO INDUSTRIAL DO FUMO,"R$ 22426359,00","0,1%",1210700
COMÉRCIO ATACADISTA DE EQUIPAMENTOS E PRODUTOS DE TECNOLOGIAS DE INFORMAÇÃO E COMUNICAÇÃO,"R$ 22119812,11","0,1%",4651601
"COMÉRCIO ATACADISTA ESPECIALIZADO EM PRODUTOS ALIMENTÍCIOS, BEBIDAS E FUMO","R$ 21992841,96","0,1%",4637105
FABRICAÇÃO DE EQUIPAMENTOS DE COMUNICAÇÃO,"R$ 21864769,45","0,1%",2632900
"COMÉRCIO VAREJISTA DE PRODUTOS FARMACÊUTICOS, PERFUMARIA E COSMÉTICOS E ARTIGOS MÉDICOS, ÓPTICOS E ORTOPÉDICOS","R$ 21702777,53","0,0%",4771704
FABRICAÇÃO DE PRODUTOS CERÂMICOS,"R$ 21485002,03","0,0%",2342702
"FABRICAÇÃO DE EMBALAGENS DE PAPEL, CARTOLINA, PAPEL-CARTÃO E PAPELÃO ONDULADO","R$ 21358881,43","0,0%",1732000
PRODUÇÃO DE SEMENTES E MUDAS CERTIFICADAS,"R$ 21063800,88","0,0%",0141501
COMÉRCIO ATACADISTA DE MATÉRIAS-PRIMAS AGRÍCOLAS E ANIMAIS VIVOS,"R$ 20608225,48","0,0%",4623108
FABRICAÇÃO DE EQUIPAMENTOS DE INFORMÁTICA E PERIFÉRICOS,"R$ 20555519,81","0,0%",2622100
FABRICAÇÃO DE MÁQUINAS E EQUIPAMENTOS DE USO INDUSTRIAL ESPECÍFICO,"R$ 20058860,87","0,0%",2864000
CONFECÇÃO DE ARTIGOS DO VESTUÁRIO E ACESSÓRIOS,"R$ 19853182,37","0,0%",1411801
"COMÉRCIO VAREJISTA DE PRODUTOS ALIMENTÍCIOS, BEBIDAS E FUMO","R$ 19678822,32","0,0%",4724500
COMÉRCIO ATACADISTA DE PRODUTOS DE CONSUMO NÃO ALIMENTAR,"R$ 19405923,10","0,0%",4645103
CURTIMENTO E OUTRAS PREPARAÇÕES DE COURO,"R$ 19346056,23","0,0%",1510600
FABRICAÇÃO DE OUTROS PRODUTOS ALIMENTÍCIOS,"R$ 19345505,89","0,0%",1092900
"PRODUÇÃO DE TUBOS DE AÇO, EXCETO TUBOS SEM COSTURA","R$ 19338729,74","0,0%",2439300
COMÉRCIO VAREJISTA DE PRODUTOS NOVOS NÃO ESPECIFICADOS ANTERIORMENTE E DE PRODUTOS USADOS,"R$ 19158869,32","0,0%",4789005
"FORJARIA, ESTAMPARIA, METALURGIA DO PÓ E SERVIÇOS DE TRATAMENTO DE METAIS","R$ 19072487,39","0,0%",2539002
"COMÉRCIO ATACADISTA ESPECIALIZADO EM PRODUTOS ALIMENTÍCIOS, BEBIDAS E FUMO","R$ 19013598,28","0,0%",4632002
FABRICAÇÃO DE EQUIPAMENTOS DE TRANSPORTE NÃO ESPECIFICADOS ANTERIORMENTE,"R$ 18787904,11","0,0%",3091101
"COMÉRCIO VAREJISTA DE PRODUTOS ALIMENTÍCIOS, BEBIDAS E FUMO","R$ 18739084,14","0,0%",4722901
FABRICAÇÃO DE PRODUTOS DIVERSOS,"R$ 18205796,48","0,0%",3292202
"COMÉRCIO ATACADISTA DE MÁQUINAS, APARELHOS E EQUIPAMENTOS, EXCETO DE TECNOLOGIAS DE INFORMAÇÃO E COMUNICAÇÃO","R$ 17942952,22","0,0%",4662100
TRANSPORTE MARÍTIMO DE CABOTAGEM E LONGO CURSO,"R$ 17829931,77","0,0%",5011401
COMÉRCIO VAREJISTA DE PRODUTOS NOVOS NÃO ESPECIFICADOS ANTERIORMENTE E DE PRODUTOS USADOS,"R$ 17685641,40","0,0%",4782202
FABRICAÇÃO DE OUTROS PRODUTOS ALIMENTÍCIOS,"R$ 17607954,92","0,0%",1093701
CONFECÇÃO DE ARTIGOS DO VESTUÁRIO E ACESSÓRIOS,"R$ 17580114,41","0,0%",1412602
"FABRICAÇÃO DE TANQUES, RESERVATÓRIOS METÁLICOS E CALDEIRAS","R$ 17305209,09","0,0%",2521700
"FABRICAÇÃO DE PRODUTOS DIVERSOS DE PAPEL, CARTOLINA, PAPEL-CARTÃO E PAPELÃO ONDULADO","R$ 17242825,25","0,0%",1742701
SIDERURGIA,"R$ 17152924,17","0,0%",2422902
FABRICAÇÃO DE PRODUTOS E PREPARADOS QUÍMICOS DIVERSOS,"R$ 17010834,42","0,0%",2093200
FABRICAÇÃO DE OUTROS PRODUTOS ALIMENTÍCIOS,"R$ 16922961,22","0,0%",1093702
"FABRICAÇÃO DE SABÕES, DETERGENTES, PRODUTOS DE LIMPEZA, COSMÉTICOS, PRODUTOS DE PERFUMARIA E DE HIGIENE PESSOAL","R$ 16753141,36","0,0%",2062200
FABRICAÇÃO DE MÁQUINAS E EQUIPAMENTOS DE USO GERAL,"R$ 16730364,14","0,0%",2822401
FABRICAÇÃO DE INSTRUMENTOS E MATERIAIS PARA USO MÉDICO E ODONTOLÓGICO E DE ARTIGOS ÓPTICOS,"R$ 16681868,42","0,0%",3250705
COMÉRCIO VAREJISTA DE EQUIPAMENTOS DE INFORMÁTICA E COMUNICAÇÃO; EQUIPAMENTOS E ARTIGOS DE USO DOMÉSTICO,"R$ 16654335,71","0,0%",4755502
"ARMAZENAMENTO, CARGA E DESCARGA","R$ 16599096,14","0,0%",5211799
"FABRICAÇÃO DE ARTEFATOS TÊXTEIS, EXCETO VESTUÁRIO","R$ 16331222,68","0,0%",1351100
COMÉRCIO ATACADISTA DE PRODUTOS DE CONSUMO NÃO ALIMENTAR,"R$ 16185819,02","0,0%",4649402
EXTRAÇÃO DE CARVÃO MINERAL,"R$ 16153948,48","0,0%",0500302
"FABRICAÇÃO DE TINTAS, VERNIZES, ESMALTES, LACAS E PRODUTOS AFINS","R$ 16094445,80","0,0%",2073800
COMÉRCIO ATACADISTA DE PRODUTOS DE CONSUMO NÃO ALIMENTAR,"R$ 15934633,05","0,0%",4649401
COMÉRCIO VAREJISTA DE EQUIPAMENTOS DE INFORMÁTICA E COMUNICAÇÃO; EQUIPAMENTOS E ARTIGOS DE USO DOMÉSTICO,"R$ 15922517,85","0,0%",4757100
"FABRICAÇÃO DE PRODUTOS DE MADEIRA, CORTIÇA E MATERIAL TRANÇADO, EXCETO MÓVEIS","R$ 15842287,16","0,0%",1629301
"COMÉRCIO ATACADISTA ESPECIALIZADO EM PRODUTOS ALIMENTÍCIOS, BEBIDAS E FUMO","R$ 15697418,98","0,0%",4639702
ABATE E FABRICAÇÃO DE PRODUTOS DE CARNE,"R$ 15638235,41","0,0%",1011205
FABRICAÇÃO DE TRATORES E DE MÁQUINAS E EQUIPAMENTOS PARA A AGRICULTURA E PECUÁRIA,"R$ 15561334,50","0,0%",2831300
FABRICAÇÃO DE MÁQUINAS E EQUIPAMENTOS DE USO GERAL,"R$ 15489144,12","0,0%",2824102
FABRICAÇÃO DE PRODUTOS DERIVADOS DO PETRÓLEO,"R$ 15455741,18","0,0%",1922599
"COMÉRCIO ATACADISTA ESPECIALIZADO EM PRODUTOS ALIMENTÍCIOS, BEBIDAS E FUMO","R$ 15377827,92","0,0%",4634603
COMÉRCIO DE PEÇAS E ACESSÓRIOS PARA VEÍCULOS AUTOMOTORES,"R$ 15328608,56","0,0%",4530705
"COMÉRCIO ATACADISTA ESPECIALIZADO EM PRODUTOS ALIMENTÍCIOS, BEBIDAS E FUMO","R$ 15212929,89","0,0%",4637107
"EXTRAÇÃO DE PEDRA, AREIA E ARGILA","R$ 14925338,17","0,0%",0810006
FABRICAÇÃO DE ARTIGOS PARA VIAGEM E DE ARTEFATOS DIVERSOS DE COURO,"R$ 14656751,55","0,0%",1521100
"FORJARIA, ESTAMPARIA, METALURGIA DO PÓ E SERVIÇOS DE TRATAMENTO DE METAIS","R$ 14460956,80","0,0%",2539000
FABRICAÇÃO DE OUTROS PRODUTOS ALIMENTÍCIOS,"R$ 14448161,25","0,0%",1095300
FABRICAÇÃO DE DEFENSIVOS AGRÍCOLAS E DESINFESTANTES DOMISSANITÁRIOS,"R$ 14278611,39","0,0%",2052500
COMÉRCIO ATACADISTA DE PRODUTOS DE CONSUMO NÃO ALIMENTAR,"R$ 14240038,44","0,0%",4649404
COMÉRCIO VAREJISTA DE EQUIPAMENTOS DE INFORMÁTICA E COMUNICAÇÃO; EQUIPAMENTOS E ARTIGOS DE USO DOMÉSTICO,"R$ 13765389,09","0,0%",4759801
"FABRICAÇÃO DE GERADORES, TRANSFORMADORES E MOTORES ELÉTRICOS","R$ 13756636,28","0,0%",2710403
"COMÉRCIO ATACADISTA ESPECIALIZADO EM PRODUTOS ALIMENTÍCIOS, BEBIDAS E FUMO","R$ 13721897,54","0,0%",4633801
"FABRICAÇÃO DE CONSERVAS DE FRUTAS, LEGUMES E OUTROS VEGETAIS","R$ 13676329,73","0,0%",1033302
COMÉRCIO ATACADISTA DE PRODUTOS DE CONSUMO NÃO ALIMENTAR,"R$ 13383989,04","0,0%",4642702
"COMÉRCIO, MANUTENÇÃO E REPARAÇÃO DE MOTOCICLETAS, PEÇAS E ACESSÓRIOS","R$ 13380779,90","0,0%",4541202
FABRICAÇÃO DE EQUIPAMENTOS DE COMUNICAÇÃO,"R$ 12921760,46","0,0%",2631100
COMÉRCIO VAREJISTA DE PRODUTOS NOVOS NÃO ESPECIFICADOS ANTERIORMENTE E DE PRODUTOS USADOS,"R$ 12540403,29","0,0%",4789009
FABRICAÇÃO DE EQUIPAMENTOS DE INFORMÁTICA E PERIFÉRICOS,"R$ 12535497,57","0,0%",2621300
FABRICAÇÃO DE MÓVEIS,"R$ 12497778,99","0,0%",3104700
FABRICAÇÃO DE PRODUTOS DIVERSOS,"R$ 12473290,57","0,0%",3299005
COMÉRCIO ATACADISTA ESPECIALIZADO EM OUTROS PRODUTOS,"R$ 12315621,05","0,0%",4687701
COMÉRCIO VAREJISTA DE PRODUTOS NOVOS NÃO ESPECIFICADOS ANTERIORMENTE E DE PRODUTOS USADOS,"R$ 12297534,91","0,0%",4789002
"FABRICAÇÃO DE MOTORES, BOMBAS, COMPRESSORES E EQUIPAMENTOS DE TRANSMISSÃO","R$ 12266627,79","0,0%",2815101
"COMÉRCIO VAREJISTA DE ARTIGOS CULTURAIS, RECREATIVOS E ESPORTIVOS","R$ 12235105,96","0,0%",4763604
PRODUÇÃO DE LAVOURAS TEMPORÁRIAS,"R$ 12194027,35","0,0%",0111302
"ATIVIDADES DE VIGILÂNCIA, SEGURANÇA PRIVADA E TRANSPORTE DE VALORES","R$ 12160164,27","0,0%",8012900
COMÉRCIO ATACADISTA DE MATÉRIAS-PRIMAS AGRÍCOLAS E ANIMAIS VIVOS,"R$ 12139340,10","0,0%",4623104
FUNDIÇÃO,"R$ 12093291,69","0,0%",2452100
"REPRESENTANTES COMERCIAIS E AGENTES DO COMÉRCIO, EXCETO DE VEÍCULOS AUTOMOTORES E MOTOCICLETAS","R$ 12062311,64","0,0%",4612500
TRANSPORTE RODOVIÁRIO DE PASSAGEIROS,"R$ 12019596,81","0,0%",4922102
"FABRICAÇÃO DE ARTEFATOS DE CONCRETO, CIMENTO, FIBROCIMENTO, GESSO E MATERIAIS SEMELHANTES","R$ 11994113,69","0,0%",2330305
FABRICAÇÃO DE PRODUTOS DE METAL NÃO ESPECIFICADOS ANTERIORMENTE,"R$ 11973426,86","0,0%",2599301
FABRICAÇÃO DE OUTROS PRODUTOS ALIMENTÍCIOS,"R$ 11807441,88","0,0%",1096100
PECUÁRIA,"R$ 11725005,92","0,0%",0154700
FABRICAÇÃO DE ELETRODOMÉSTICOS,"R$ 11435390,42","0,0%",2759799
"COMÉRCIO VAREJISTA DE PRODUTOS FARMACÊUTICOS, PERFUMARIA E COSMÉTICOS E ARTIGOS MÉDICOS, ÓPTICOS E ORTOPÉDICOS","R$ 11415188,35","0,0%",4771702
TRANSPORTE RODOVIÁRIO DE PASSAGEIROS,"R$ 11378736,57","0,0%",4929902
FABRICAÇÃO DE MÁQUINAS E EQUIPAMENTOS DE USO INDUSTRIAL ESPECÍFICO,"R$ 11363059,24","0,0%",2861500
FABRICAÇÃO DE VIDRO E DE PRODUTOS DO VIDRO,"R$ 11347669,77","0,0%",2311700
ABATE E FABRICAÇÃO DE PRODUTOS DE CARNE,"R$ 10901488,96","0,0%",1013902
COMÉRCIO ATACADISTA ESPECIALIZADO EM OUTROS PRODUTOS,"R$ 10723555,25","0,0%",4684201
MANUTENÇÃO E REPARAÇÃO DE MÁQUINAS E EQUIPAMENTOS,"R$ 10576012,22","0,0%",3314707
ATIVIDADE DE IMPRESSÃO,"R$ 10405510,56","0,0%",1813001
COMÉRCIO ATACADISTA DE PRODUTOS DE CONSUMO NÃO ALIMENTAR,"R$ 10391479,92","0,0%",4649409
FABRICAÇÃO DE ARTIGOS PARA VIAGEM E DE ARTEFATOS DIVERSOS DE COURO,"R$ 10327371,67","0,0%",1529700
"FABRICAÇÃO DE ARTEFATOS DE CONCRETO, CIMENTO, FIBROCIMENTO, GESSO E MATERIAIS SEMELHANTES","R$ 10249004,17","0,0%",2330303
FABRICAÇÃO DE MÁQUINAS E EQUIPAMENTOS DE USO GERAL,"R$ 10232333,16","0,0%",2825900
FABRICAÇÃO DE ÓLEOS E GORDURAS VEGETAIS E ANIMAIS,"R$ 10230352,82","0,0%",1042200
FABRICAÇÃO DE LÂMPADAS E OUTROS EQUIPAMENTOS DE ILUMINAÇÃO,"R$ 10113866,56","0,0%",2740602
"EXTRAÇÃO DE PEDRA, AREIA E ARGILA","R$ 10093674,67","0,0%",0810004
"ACABAMENTOS EM FIOS, TECIDOS E ARTEFATOS TÊXTEIS","R$ 10053975,53","0,0%",1340501
TRANSPORTE RODOVIÁRIO DE PASSAGEIROS,"R$ 10042812,36","0,0%",4922101
"INSTALAÇÕES ELÉTRICAS, HIDRÁULICAS E OUTRAS INSTALAÇÕES EM CONSTRUÇÕES","R$ 9990177,61","0,0%",4321500
COMÉRCIO VAREJISTA DE EQUIPAMENTOS DE INFORMÁTICA E COMUNICAÇÃO; EQUIPAMENTOS E ARTIGOS DE USO DOMÉSTICO,"R$ 9822771,63","0,0%",4754703
COMÉRCIO ATACADISTA DE PRODUTOS DE CONSUMO NÃO ALIMENTAR,"R$ 9813402,62","0,0%",4641901
COMÉRCIO VAREJISTA DE EQUIPAMENTOS DE INFORMÁTICA E COMUNICAÇÃO; EQUIPAMENTOS E ARTIGOS DE USO DOMÉSTICO,"R$ 9813108,17","0,0%",4754702
ATIVIDADES RELACIONADAS À ORGANIZAÇÃO DO TRANSPORTE DE CARGA,"R$ 9736491,14","0,0%",5250805
"FORJARIA, ESTAMPARIA, METALURGIA DO PÓ E SERVIÇOS DE TRATAMENTO DE METAIS","R$ 9663120,36","0,0%",2539001
"COMÉRCIO VAREJISTA DE PRODUTOS ALIMENTÍCIOS, BEBIDAS E FUMO","R$ 9636927,49","0,0%",4722902
FABRICAÇÃO DE EQUIPAMENTOS PARA DISTRIBUIÇÃO E CONTROLE DE ENERGIA ELÉTRICA,"R$ 9497736,85","0,0%",2733300
DESDOBRAMENTO DE MADEIRA,"R$ 9425512,92","0,0%",1610203
FABRICAÇÃO DE PRODUTOS DO FUMO,"R$ 9379785,64","0,0%",1220401
SERVIÇOS DE ARQUITETURA E ENGENHARIA E ATIVIDADES TÉCNICAS RELACIONADAS,"R$ 9330939,02","0,0%",7112000
"SERVIÇOS DE CATERING, BUFÊ E OUTROS SERVIÇOS DE COMIDA PREPARADA","R$ 9318970,40","0,0%",5620104
"COMÉRCIO VAREJISTA DE ARTIGOS CULTURAIS, RECREATIVOS E ESPORTIVOS","R$ 9275733,36","0,0%",4763603
HOTÉIS E SIMILARES,"R$ 8907276,21","0,0%",5510801
FABRICAÇÃO DE INSTRUMENTOS E MATERIAIS PARA USO MÉDICO E ODONTOLÓGICO E DE ARTIGOS ÓPTICOS,"R$ 8900781,63","0,0%",3250701
"COMÉRCIO VAREJISTA DE ARTIGOS CULTURAIS, RECREATIVOS E ESPORTIVOS","R$ 8822502,90","0,0%",4761001
"FABRICAÇÃO DE PRODUTOS DE MADEIRA, CORTIÇA E MATERIAL TRANÇADO, EXCETO MÓVEIS","R$ 8810032,75","0,0%",1629302
PREPARAÇÃO E FIAÇÃO DE FIBRAS TÊXTEIS,"R$ 8723793,39","0,0%",1313800
FABRICAÇÃO DE ELETRODOMÉSTICOS,"R$ 8689036,39","0,0%",2751100
"EXTRAÇÃO DE PEDRA, AREIA E ARGILA","R$ 8640633,61","0,0%",0810009
FABRICAÇÃO DE ARTEFATOS PARA PESCA E ESPORTE,"R$ 8402020,11","0,0%",3230200
COMÉRCIO VAREJISTA DE PRODUTOS NOVOS NÃO ESPECIFICADOS ANTERIORMENTE E DE PRODUTOS USADOS,"R$ 8362382,19","0,0%",4789007
DESDOBRAMENTO DE MADEIRA,"R$ 8325275,20","0,0%",1610202
"FABRICAÇÃO DE CABINES, CARROCERIAS E REBOQUES PARA VEÍCULOS AUTOMOTORES","R$ 8264396,10","0,0%",2930103
ATIVIDADES RELACIONADAS À ORGANIZAÇÃO DO TRANSPORTE DE CARGA,"R$ 8195904,01","0,0%",5250804
CONFECÇÃO DE ARTIGOS DO VESTUÁRIO E ACESSÓRIOS,"R$ 8133961,33","0,0%",1413401
SERVIÇOS DE PRÉ-IMPRESSÃO E ACABAMENTOS GRÁFICOS,"R$ 8119677,54","0,0%",1821100
"FABRICAÇÃO DE ARTIGOS DE JOALHERIA, BIJUTERIA E SEMELHANTES","R$ 8112070,73","0,0%",3211602
APARELHAMENTO DE PEDRAS E FABRICAÇÃO DE OUTROS PRODUTOS DE MINERAIS NÃO METÁLICOS,"R$ 8023383,21","0,0%",2391503
FABRICAÇÃO DE PRODUTOS CERÂMICOS,"R$ 8014694,46","0,0%",2349401
"COMÉRCIO VAREJISTA DE PRODUTOS ALIMENTÍCIOS, BEBIDAS E FUMO","R$ 7931905,83","0,0%",4721101
APARELHAMENTO DE PEDRAS E FABRICAÇÃO DE OUTROS PRODUTOS DE MINERAIS NÃO METÁLICOS,"R$ 7877441,27","0,0%",2391502
"FABRICAÇÃO DE ARTEFATOS TÊXTEIS, EXCETO VESTUÁRIO","R$ 7568332,99","0,0%",1353700
COMÉRCIO VAREJISTA DE PRODUTOS NOVOS NÃO ESPECIFICADOS ANTERIORMENTE E DE PRODUTOS USADOS,"R$ 7532076,65","0,0%",4783102
FABRICAÇÃO DE CALÇADOS,"R$ 7517132,02","0,0%",1531902
FABRICAÇÃO DE RESINAS E ELASTÔMEROS,"R$ 7461676,94","0,0%",2032100
"COMÉRCIO ATACADISTA ESPECIALIZADO EM PRODUTOS ALIMENTÍCIOS, BEBIDAS E FUMO","R$ 7414485,71","0,0%",4636201
FABRICAÇÃO DE PRODUTOS FARMACÊUTICOS,"R$ 7226174,54","0,0%",2123800
RECUPERAÇÃO DE MATERIAIS,"R$ 7221817,64","0,0%",3832700
ATIVIDADES DE APOIO À AGRICULTURA E À PECUÁRIA; ATIVIDADES DE PÓS-COLHEITA,"R$ 7212493,50","0,0%",0163600
FABRICAÇÃO DE TECIDOS DE MALHA,"R$ 7201271,47","0,0%",1330800
"COMÉRCIO VAREJISTA DE PRODUTOS ALIMENTÍCIOS, BEBIDAS E FUMO","R$ 7172407,36","0,0%",4721103
COMÉRCIO ATACADISTA DE MATÉRIAS-PRIMAS AGRÍCOLAS E ANIMAIS VIVOS,"R$ 7095020,28","0,0%",4623102
FABRICAÇÃO DE PRODUTOS FARMACÊUTICOS,"R$ 7069337,51","0,0%",2122000
COMÉRCIO VAREJISTA DE MATERIAL DE CONSTRUÇÃO,"R$ 7043993,67","0,0%",4744003
"EDIÇÃO INTEGRADA À IMPRESSÃO DE LIVROS, JORNAIS, REVISTAS E OUTRAS PUBLICAÇÕES","R$ 6982220,77","0,0%",5829800
"COMÉRCIO ATACADISTA ESPECIALIZADO EM PRODUTOS ALIMENTÍCIOS, BEBIDAS E FUMO","R$ 6958279,12","0,0%",4634602
MANUTENÇÃO E REPARAÇÃO DE VEÍCULOS AUTOMOTORES,"R$ 6944061,22","0,0%",4520001
FABRICAÇÃO DE PRODUTOS DIVERSOS,"R$ 6890026,62","0,0%",3299003
"FABRICAÇÃO DE GERADORES, TRANSFORMADORES E MOTORES ELÉTRICOS","R$ 6884294,14","0,0%",2710401
METALURGIA DOS METAIS NÃO FERROSOS,"R$ 6858576,32","0,0%",2449199
ATIVIDADES RELACIONADAS À ORGANIZAÇÃO DO TRANSPORTE DE CARGA,"R$ 6820497,12","0,0%",5250803
RESTAURANTES E OUTROS SERVIÇOS DE ALIMENTAÇÃO E BEBIDAS,"R$ 6808223,33","0,0%",5611202
FABRICAÇÃO DE ELETRODOMÉSTICOS,"R$ 6697567,40","0,0%",2759701
FABRICAÇÃO DE PRODUTOS DE METAL NÃO ESPECIFICADOS ANTERIORMENTE,"R$ 6670325,51","0,0%",2599302
"TECELAGEM, EXCETO MALHA","R$ 6618872,09","0,0%",1323500
"CONSTRUÇÃO DE RODOVIAS, FERROVIAS, OBRAS URBANAS E OBRAS-DE-ARTE ESPECIAIS","R$ 6535288,22","0,0%",4211101
"COMÉRCIO ATACADISTA DE MADEIRA, FERRAGENS, FERRAMENTAS, MATERIAL ELÉTRICO E MATERIAL DE CONSTRUÇÃO","R$ 6507224,93","0,0%",4679603
FABRICAÇÃO DE APARELHOS ELETROMÉDICOS E ELETROTERAPÊUTICOS E EQUIPAMENTOS DE IRRADIAÇÃO,"R$ 6453735,41","0,0%",2660400
COMÉRCIO VAREJISTA DE MATERIAL DE CONSTRUÇÃO,"R$ 6434821,74","0,0%",4743100
PRODUÇÃO FLORESTAL - FLORESTAS PLANTADAS,"R$ 6401720,34","0,0%",0210103
"FORJARIA, ESTAMPARIA, METALURGIA DO PÓ E SERVIÇOS DE TRATAMENTO DE METAIS","R$ 6339042,85","0,0%",2532202
"REPRESENTANTES COMERCIAIS E AGENTES DO COMÉRCIO, EXCETO DE VEÍCULOS AUTOMOTORES E MOTOCICLETAS","R$ 6331393,45","0,0%",4614100
TELECOMUNICAÇÕES POR SATÉLITE,"R$ 6253757,94","0,0%",6130200
"FABRICAÇÃO DE PILHAS, BATERIAS E ACUMULADORES ELÉTRICOS","R$ 6086379,49","0,0%",2722801
SIDERURGIA,"R$ 5957770,93","0,0%",2424501
FABRICAÇÃO DE MÁQUINAS E EQUIPAMENTOS DE USO NA EXTRAÇÃO MINERAL E NA CONSTRUÇÃO,"R$ 5806648,15","0,0%",2853400
FABRICAÇÃO DE EQUIPAMENTOS E APARELHOS ELÉTRICOS NÃO ESPECIFICADOS ANTERIORMENTE,"R$ 5689992,60","0,0%",2790202
FABRICAÇÃO DE INSTRUMENTOS E MATERIAIS PARA USO MÉDICO E ODONTOLÓGICO E DE ARTIGOS ÓPTICOS,"R$ 5570391,37","0,0%",3250702
"COMÉRCIO, MANUTENÇÃO E REPARAÇÃO DE MOTOCICLETAS, PEÇAS E ACESSÓRIOS","R$ 5554073,98","0,0%",4541201
COMÉRCIO ATACADISTA ESPECIALIZADO EM OUTROS PRODUTOS,"R$ 5524201,01","0,0%",4689301
COMÉRCIO ATACADISTA ESPECIALIZADO EM OUTROS PRODUTOS,"R$ 5521650,88","0,0%",4686901
PRODUÇÃO FLORESTAL - FLORESTAS PLANTADAS,"R$ 5407382,75","0,0%",0210107
COMÉRCIO VAREJISTA DE COMBUSTÍVEIS PARA VEÍCULOS AUTOMOTORES,"R$ 5316378,82","0,0%",4732600
FABRICAÇÃO DE BRINQUEDOS E JOGOS RECREATIVOS,"R$ 5284457,96","0,0%",3240099
FABRICAÇÃO DE MÁQUINAS E EQUIPAMENTOS DE USO INDUSTRIAL ESPECÍFICO,"R$ 5243903,03","0,0%",2866600
COMÉRCIO DE PEÇAS E ACESSÓRIOS PARA VEÍCULOS AUTOMOTORES,"R$ 5175629,41","0,0%",4530704
COMÉRCIO VAREJISTA DE MATERIAL DE CONSTRUÇÃO,"R$ 5110202,41","0,0%",4744004
FABRICAÇÃO DE OUTROS PRODUTOS ALIMENTÍCIOS,"R$ 5044619,60","0,0%",1099602
FABRICAÇÃO DE PRODUTOS DO FUMO,"R$ 4960399,32","0,0%",1220499
"MOAGEM, FABRICAÇÃO DE PRODUTOS AMILÁCEOS E DE ALIMENTOS PARA ANIMAIS","R$ 4958465,16","0,0%",1061902
FABRICAÇÃO DE BEBIDAS NÃO ALCOÓLICAS,"R$ 4893360,91","0,0%",1122403
REPARAÇÃO E MANUTENÇÃO DE EQUIPAMENTOS DE INFORMÁTICA E COMUNICAÇÃO,"R$ 4791608,04","0,0%",9511800
FABRICAÇÃO DE PRODUTOS CERÂMICOS,"R$ 4783442,40","0,0%",2341900
RECUPERAÇÃO DE MATERIAIS,"R$ 4717782,19","0,0%",3839499
"FABRICAÇÃO DE CONSERVAS DE FRUTAS, LEGUMES E OUTROS VEGETAIS","R$ 4716690,62","0,0%",1032599
"REPRESENTANTES COMERCIAIS E AGENTES DO COMÉRCIO, EXCETO DE VEÍCULOS AUTOMOTORES E MOTOCICLETAS","R$ 4690910,70","0,0%",4618402
INSTALAÇÃO DE MÁQUINAS E EQUIPAMENTOS,"R$ 4690106,13","0,0%",3321000
"FABRICAÇÃO DE MOTORES, BOMBAS, COMPRESSORES E EQUIPAMENTOS DE TRANSMISSÃO","R$ 4622203,02","0,0%",2811900
PRESERVAÇÃO DO PESCADO E FABRICAÇÃO DE PRODUTOS DO PESCADO,"R$ 4592973,40","0,0%",1020101
FABRICAÇÃO DE OUTROS PRODUTOS ALIMENTÍCIOS,"R$ 4591998,16","0,0%",1099601
"COMÉRCIO, MANUTENÇÃO E REPARAÇÃO DE MOTOCICLETAS, PEÇAS E ACESSÓRIOS","R$ 4586526,13","0,0%",4541205
APARELHAMENTO DE PEDRAS E FABRICAÇÃO DE OUTROS PRODUTOS DE MINERAIS NÃO METÁLICOS,"R$ 4441440,12","0,0%",2399101
"COMÉRCIO ATACADISTA ESPECIALIZADO EM PRODUTOS ALIMENTÍCIOS, BEBIDAS E FUMO","R$ 4388842,05","0,0%",4635403
"COMÉRCIO ATACADISTA ESPECIALIZADO EM PRODUTOS ALIMENTÍCIOS, BEBIDAS E FUMO","R$ 4339894,81","0,0%",4634699
FABRICAÇÃO DE PRODUTOS FARMACÊUTICOS,"R$ 4322014,28","0,0%",2121103
CONSTRUÇÃO DE EMBARCAÇÕES,"R$ 4278695,79","0,0%",3011301
CONSTRUÇÃO DE EDIFÍCIOS,"R$ 4252552,65","0,0%",4120400
APARELHAMENTO DE PEDRAS E FABRICAÇÃO DE OUTROS PRODUTOS DE MINERAIS NÃO METÁLICOS,"R$ 4135900,93","0,0%",2391501
FABRICAÇÃO DE TRATORES E DE MÁQUINAS E EQUIPAMENTOS PARA A AGRICULTURA E PECUÁRIA,"R$ 4135728,64","0,0%",2832100
COMÉRCIO ATACADISTA ESPECIALIZADO EM OUTROS PRODUTOS,"R$ 4109243,86","0,0%",4689302
"TRATAMENTO DE DADOS, HOSPEDAGEM NA INTERNET E OUTRAS ATIVIDADES RELACIONADAS","R$ 4106141,26","0,0%",6319400
SIDERURGIA,"R$ 4104497,94","0,0%",2424502
FABRICAÇÃO DE PRODUTOS DIVERSOS,"R$ 4052532,22","0,0%",3299002
FABRICAÇÃO DE PRODUTOS E PREPARADOS QUÍMICOS DIVERSOS,"R$ 4018896,36","0,0%",2092401
OUTRAS ATIVIDADES DE SERVIÇOS PRESTADOS PRINCIPALMENTE ÀS EMPRESAS,"R$ 4002213,23","0,0%",8299799
"COMÉRCIO VAREJISTA DE PRODUTOS ALIMENTÍCIOS, BEBIDAS E FUMO","R$ 3934233,85","0,0%",4729602
RECUPERAÇÃO DE MATERIAIS,"R$ 3932268,78","0,0%",3831999
"REPRESENTANTES COMERCIAIS E AGENTES DO COMÉRCIO, EXCETO DE VEÍCULOS AUTOMOTORES E MOTOCICLETAS","R$ 3924413,15","0,0%",4611700
COMÉRCIO VAREJISTA DE EQUIPAMENTOS DE INFORMÁTICA E COMUNICAÇÃO; EQUIPAMENTOS E ARTIGOS DE USO DOMÉSTICO,"R$ 3904666,84","0,0%",4756300
PRODUÇÃO DE LAVOURAS TEMPORÁRIAS,"R$ 3892165,96","0,0%",0111303
PRODUÇÃO DE LAVOURAS TEMPORÁRIAS,"R$ 3789199,01","0,0%",0119903
COMÉRCIO ATACADISTA ESPECIALIZADO EM OUTROS PRODUTOS,"R$ 3699888,11","0,0%",4687702
"ARMAZENAMENTO, CARGA E DESCARGA","R$ 3623653,97","0,0%",5211701
TESTES E ANÁLISES TÉCNICAS,"R$ 3565011,31","0,0%",7120100
CONFECÇÃO DE ARTIGOS DO VESTUÁRIO E ACESSÓRIOS,"R$ 3548007,62","0,0%",1414200
FABRICAÇÃO DE PRODUTOS QUÍMICOS INORGÂNICOS,"R$ 3486219,06","0,0%",2011800
FABRICAÇÃO DE PRODUTOS FARMACÊUTICOS,"R$ 3447984,76","0,0%",2121102
CONFECÇÃO DE ARTIGOS DO VESTUÁRIO E ACESSÓRIOS,"R$ 3446079,74","0,0%",1412603
FABRICAÇÃO DE FIBRAS ARTIFICIAIS E SINTÉTICAS,"R$ 3401966,21","0,0%",2040100
COMÉRCIO ATACADISTA ESPECIALIZADO EM OUTROS PRODUTOS,"R$ 3356841,99","0,0%",4684202
ALUGUEL DE MÁQUINAS E EQUIPAMENTOS SEM OPERADOR,"R$ 3316656,92","0,0%",7739099
"TRATAMENTO DE DADOS, HOSPEDAGEM NA INTERNET E OUTRAS ATIVIDADES RELACIONADAS","R$ 3301899,75","0,0%",6311900
TRANSPORTE RODOVIÁRIO DE PASSAGEIROS,"R$ 3298501,65","0,0%",4921301
PRESERVAÇÃO DO PESCADO E FABRICAÇÃO DE PRODUTOS DO PESCADO,"R$ 3255213,80","0,0%",1020102
ATIVIDADES DOS SERVIÇOS DE TECNOLOGIA DA INFORMAÇÃO,"R$ 3150721,17","0,0%",6209100
"ATIVIDADES CINEMATOGRÁFICAS, PRODUÇÃO DE VÍDEOS E DE PROGRAMAS DE TELEVISÃO","R$ 3149217,41","0,0%",5914600
COMÉRCIO VAREJISTA DE PRODUTOS NOVOS NÃO ESPECIFICADOS ANTERIORMENTE E DE PRODUTOS USADOS,"R$ 3141067,40","0,0%",4784900
"FABRICAÇÃO DE ARTIGOS DE JOALHERIA, BIJUTERIA E SEMELHANTES","R$ 3130496,54","0,0%",3211601
FABRICAÇÃO DE MÁQUINAS E EQUIPAMENTOS DE USO GERAL,"R$ 3117579,47","0,0%",2821601
COMÉRCIO ATACADISTA DE PRODUTOS DE CONSUMO NÃO ALIMENTAR,"R$ 3105390,69","0,0%",4643502
"COMÉRCIO VAREJISTA DE ARTIGOS CULTURAIS, RECREATIVOS E ESPORTIVOS","R$ 3103385,60","0,0%",4763605
COMÉRCIO ATACADISTA DE PRODUTOS DE CONSUMO NÃO ALIMENTAR,"R$ 3068638,51","0,0%",4641903
COMÉRCIO ATACADISTA DE PRODUTOS DE CONSUMO NÃO ALIMENTAR,"R$ 3005221,16","0,0%",4649405
FABRICAÇÃO DE PRODUTOS QUÍMICOS INORGÂNICOS,"R$ 3001390,50","0,0%",2012600
ATIVIDADES DE APOIO À AGRICULTURA E À PECUÁRIA; ATIVIDADES DE PÓS-COLHEITA,"R$ 2937700,68","0,0%",0161099
PRODUÇÃO DE FERRO-GUSA E DE FERROLIGAS,"R$ 2929546,74","0,0%",2412100
TRANSPORTE AÉREO DE PASSAGEIROS,"R$ 2865916,82","0,0%",5111100
FABRICAÇÃO DE PRODUTOS DIVERSOS,"R$ 2836747,16","0,0%",3299004
"FABRICAÇÃO DE ARTIGOS DE JOALHERIA, BIJUTERIA E SEMELHANTES","R$ 2831545,77","0,0%",3212400
FABRICAÇÃO DE DEFENSIVOS AGRÍCOLAS E DESINFESTANTES DOMISSANITÁRIOS,"R$ 2748036,57","0,0%",2051700
"REPRESENTANTES COMERCIAIS E AGENTES DO COMÉRCIO, EXCETO DE VEÍCULOS AUTOMOTORES E MOTOCICLETAS","R$ 2693197,19","0,0%",4619200
FABRICAÇÃO DE CALÇADOS,"R$ 2662803,34","0,0%",1532700
COMÉRCIO ATACADISTA ESPECIALIZADO EM OUTROS PRODUTOS,"R$ 2648765,69","0,0%",4681802
OUTRAS ATIVIDADES DE SERVIÇOS PRESTADOS PRINCIPALMENTE ÀS EMPRESAS,"R$ 2621420,16","0,0%",8292000
CONSTRUÇÃO DE OUTRAS OBRAS DE INFRAESTRUTURA,"R$ 2564835,25","0,0%",4299599
COMÉRCIO ATACADISTA DE PRODUTOS DE CONSUMO NÃO ALIMENTAR,"R$ 2527225,32","0,0%",4649406
"EXTRAÇÃO DE PEDRA, AREIA E ARGILA","R$ 2493050,72","0,0%",0810008
ATIVIDADES DE ATENDIMENTO HOSPITALAR,"R$ 2445314,77","0,0%",8610101
OUTRAS ATIVIDADES DE TELECOMUNICAÇÕES,"R$ 2431466,42","0,0%",6190602
FABRICAÇÃO DE EQUIPAMENTOS DE TRANSPORTE NÃO ESPECIFICADOS ANTERIORMENTE,"R$ 2380082,56","0,0%",3092000
"SERVIÇOS DE CATERING, BUFÊ E OUTROS SERVIÇOS DE COMIDA PREPARADA","R$ 2377754,55","0,0%",5620102
COMÉRCIO DE VEÍCULOS AUTOMOTORES,"R$ 2369501,11","0,0%",4511105
FABRICAÇÃO DE PRODUTOS QUÍMICOS INORGÂNICOS,"R$ 2360320,75","0,0%",2013401
FABRICAÇÃO DE MÁQUINAS E EQUIPAMENTOS DE USO NA EXTRAÇÃO MINERAL E NA CONSTRUÇÃO,"R$ 2358897,26","0,0%",2852600
RESTAURANTES E OUTROS SERVIÇOS DE ALIMENTAÇÃO E BEBIDAS,"R$ 2356855,38","0,0%",5611205
COMÉRCIO VAREJISTA DE PRODUTOS NOVOS NÃO ESPECIFICADOS ANTERIORMENTE E DE PRODUTOS USADOS,"R$ 2344719,60","0,0%",4785799
COMÉRCIO VAREJISTA DE PRODUTOS NOVOS NÃO ESPECIFICADOS ANTERIORMENTE E DE PRODUTOS USADOS,"R$ 2284508,39","0,0%",4789008
REPARAÇÃO E MANUTENÇÃO DE OBJETOS E EQUIPAMENTOS PESSOAIS E DOMÉSTICOS,"R$ 2281962,78","0,0%",9521500
"REPRESENTANTES COMERCIAIS E AGENTES DO COMÉRCIO, EXCETO DE VEÍCULOS AUTOMOTORES E MOTOCICLETAS","R$ 2275002,10","0,0%",4617600
FABRICAÇÃO DE EQUIPAMENTOS DE TRANSPORTE NÃO ESPECIFICADOS ANTERIORMENTE,"R$ 2257017,97","0,0%",3091102
EXTRAÇÃO DE OUTROS MINERAIS NÃO METÁLICOS,"R$ 2232451,64","0,0%",0899199
MANUTENÇÃO E REPARAÇÃO DE MÁQUINAS E EQUIPAMENTOS,"R$ 2172348,72","0,0%",3314799
FABRICAÇÃO DE OUTROS PRODUTOS ALIMENTÍCIOS,"R$ 2164448,19","0,0%",1099607
"MOAGEM, FABRICAÇÃO DE PRODUTOS AMILÁCEOS E DE ALIMENTOS PARA ANIMAIS","R$ 2141234,64","0,0%",1063500
PRODUÇÃO FLORESTAL - FLORESTAS PLANTADAS,"R$ 2093898,30","0,0%",0210108
"COMÉRCIO ATACADISTA DE MÁQUINAS, APARELHOS E EQUIPAMENTOS, EXCETO DE TECNOLOGIAS DE INFORMAÇÃO E COMUNICAÇÃO","R$ 2090472,73","0,0%",4669901
"COMÉRCIO ATACADISTA ESPECIALIZADO EM PRODUTOS ALIMENTÍCIOS, BEBIDAS E FUMO","R$ 2087132,97","0,0%",4635401
COMÉRCIO ATACADISTA ESPECIALIZADO EM OUTROS PRODUTOS,"R$ 2075799,73","0,0%",4681803
ATIVIDADES DE ORGANIZAÇÕES SINDICAIS,"R$ 2054970,53","0,0%",9420100
COMÉRCIO ATACADISTA DE PRODUTOS DE CONSUMO NÃO ALIMENTAR,"R$ 2023908,03","0,0%",4649410
TRANSPORTE RODOVIÁRIO DE PASSAGEIROS,"R$ 2016719,62","0,0%",4921302
COMÉRCIO DE PEÇAS E ACESSÓRIOS PARA VEÍCULOS AUTOMOTORES,"R$ 2004464,82","0,0%",4530706
MANUTENÇÃO E REPARAÇÃO DE MÁQUINAS E EQUIPAMENTOS,"R$ 1991247,87","0,0%",3314710
METALURGIA DOS METAIS NÃO FERROSOS,"R$ 1982748,55","0,0%",2441501
FABRICAÇÃO DE RESINAS E ELASTÔMEROS,"R$ 1968375,76","0,0%",2033900
TRANSPORTE RODOVIÁRIO DE PASSAGEIROS,"R$ 1939481,16","0,0%",4929904
COMÉRCIO ATACADISTA DE MATÉRIAS-PRIMAS AGRÍCOLAS E ANIMAIS VIVOS,"R$ 1920957,27","0,0%",4621400
"COMÉRCIO ATACADISTA ESPECIALIZADO EM PRODUTOS ALIMENTÍCIOS, BEBIDAS E FUMO","R$ 1919709,20","0,0%",4637102
RECUPERAÇÃO DE MATERIAIS,"R$ 1906498,45","0,0%",3831901
"COMÉRCIO, MANUTENÇÃO E REPARAÇÃO DE MOTOCICLETAS, PEÇAS E ACESSÓRIOS","R$ 1904047,00","0,0%",4541203
"SERVIÇOS DE CATERING, BUFÊ E OUTROS SERVIÇOS DE COMIDA PREPARADA","R$ 1860893,27","0,0%",5620103
FABRICAÇÃO DE EQUIPAMENTOS DE TRANSPORTE NÃO ESPECIFICADOS ANTERIORMENTE,"R$ 1849926,31","0,0%",3099700
FABRICAÇÃO DE PRODUTOS DERIVADOS DO PETRÓLEO,"R$ 1784522,67","0,0%",1922502
TRANSPORTE FERROVIÁRIO E METROFERROVIÁRIO,"R$ 1761782,64","0,0%",4912401
PREPARAÇÃO E FIAÇÃO DE FIBRAS TÊXTEIS,"R$ 1755311,41","0,0%",1311100
REPARAÇÃO E MANUTENÇÃO DE OBJETOS E EQUIPAMENTOS PESSOAIS E DOMÉSTICOS,"R$ 1737575,65","0,0%",9529199
FABRICAÇÃO DE PRODUTOS QUÍMICOS ORGÂNICOS,"R$ 1736398,55","0,0%",2022300
"REPRESENTANTES COMERCIAIS E AGENTES DO COMÉRCIO, EXCETO DE VEÍCULOS AUTOMOTORES E MOTOCICLETAS","R$ 1731901,25","0,0%",4613300
COMÉRCIO ATACADISTA DE PRODUTOS DE CONSUMO NÃO ALIMENTAR,"R$ 1701037,69","0,0%",4649403
FABRICAÇÃO DE INSTRUMENTOS E MATERIAIS PARA USO MÉDICO E ODONTOLÓGICO E DE ARTIGOS ÓPTICOS,"R$ 1692358,77","0,0%",3250704
FABRICAÇÃO E REFINO DE AÇÚCAR,"R$ 1684122,87","0,0%",1071600
COMÉRCIO VAREJISTA DE MATERIAL DE CONSTRUÇÃO,"R$ 1680288,02","0,0%",4744006
"TECELAGEM, EXCETO MALHA","R$ 1673411,93","0,0%",1322700
FABRICAÇÃO DE OUTROS PRODUTOS ALIMENTÍCIOS,"R$ 1658057,95","0,0%",1099603
RESTAURANTES E OUTROS SERVIÇOS DE ALIMENTAÇÃO E BEBIDAS,"R$ 1629811,57","0,0%",5612100
MANUTENÇÃO E REPARAÇÃO DE MÁQUINAS E EQUIPAMENTOS,"R$ 1623190,87","0,0%",3314711
RESTAURANTES E OUTROS SERVIÇOS DE ALIMENTAÇÃO E BEBIDAS,"R$ 1590245,28","0,0%",5611204
"COMÉRCIO ATACADISTA DE MADEIRA, FERRAGENS, FERRAMENTAS, MATERIAL ELÉTRICO E MATERIAL DE CONSTRUÇÃO","R$ 1589094,24","0,0%",4679602
"FABRICAÇÃO DE PRODUTOS DE MADEIRA, CORTIÇA E MATERIAL TRANÇADO, EXCETO MÓVEIS","R$ 1575510,82","0,0%",1622699
METALURGIA DOS METAIS NÃO FERROSOS,"R$ 1564856,24","0,0%",2443100
COMÉRCIO ATACADISTA DE PRODUTOS DE CONSUMO NÃO ALIMENTAR,"R$ 1544274,26","0,0%",4645102
EDUCAÇÃO SUPERIOR,"R$ 1543195,51","0,0%",8531700
COMÉRCIO DE VEÍCULOS AUTOMOTORES,"R$ 1538355,51","0,0%",4512902
"EDIÇÃO DE LIVROS, JORNAIS, REVISTAS E OUTRAS ATIVIDADES DE EDIÇÃO","R$ 1534726,55","0,0%",5819100
PRODUÇÃO DE LAVOURAS PERMANENTES,"R$ 1527015,48","0,0%",0133499
CONFECÇÃO DE ARTIGOS DO VESTUÁRIO E ACESSÓRIOS,"R$ 1519124,13","0,0%",1413402
ATIVIDADES DE CORREIO,"R$ 1509383,82","0,0%",5310501
"COMÉRCIO VAREJISTA DE ARTIGOS CULTURAIS, RECREATIVOS E ESPORTIVOS","R$ 1504691,54","0,0%",4762800
FABRICAÇÃO DE PRODUTOS DE BORRACHA,"R$ 1491276,43","0,0%",2212900
COMÉRCIO ATACADISTA DE MATÉRIAS-PRIMAS AGRÍCOLAS E ANIMAIS VIVOS,"R$ 1471234,32","0,0%",4623101
FABRICAÇÃO DE OUTROS PRODUTOS ALIMENTÍCIOS,"R$ 1468998,63","0,0%",1099604
APARELHAMENTO DE PEDRAS E FABRICAÇÃO DE OUTROS PRODUTOS DE MINERAIS NÃO METÁLICOS,"R$ 1460669,51","0,0%",2392300
COMÉRCIO ATACADISTA DE PRODUTOS DE CONSUMO NÃO ALIMENTAR,"R$ 1432407,74","0,0%",4641902
MANUTENÇÃO E REPARAÇÃO DE MÁQUINAS E EQUIPAMENTOS,"R$ 1427019,10","0,0%",3313999
FABRICAÇÃO DE LÂMPADAS E OUTROS EQUIPAMENTOS DE ILUMINAÇÃO,"R$ 1426116,82","0,0%",2740601
PRODUÇÃO DE LAVOURAS PERMANENTES,"R$ 1425503,80","0,0%",0132600
MANUTENÇÃO E REPARAÇÃO DE MÁQUINAS E EQUIPAMENTOS,"R$ 1424329,44","0,0%",3319800
ATIVIDADES RELACIONADAS À ORGANIZAÇÃO DO TRANSPORTE DE CARGA,"R$ 1413324,28","0,0%",5250802
"COMÉRCIO, MANUTENÇÃO E REPARAÇÃO DE MOTOCICLETAS, PEÇAS E ACESSÓRIOS","R$ 1405317,24","0,0%",4541206
TRANSPORTE AÉREO DE PASSAGEIROS,"R$ 1368856,62","0,0%",5112901
AGÊNCIAS DE VIAGENS E OPERADORES TURÍSTICOS,"R$ 1364897,86","0,0%",7911200
"FABRICAÇÃO DE ARTEFATOS TÊXTEIS, EXCETO VESTUÁRIO","R$ 1351961,40","0,0%",1352900
"COMÉRCIO VAREJISTA DE PRODUTOS ALIMENTÍCIOS, BEBIDAS E FUMO","R$ 1350408,89","0,0%",4729601
INSTALAÇÃO DE MÁQUINAS E EQUIPAMENTOS,"R$ 1336333,89","0,0%",3329501
MANUTENÇÃO E REPARAÇÃO DE MÁQUINAS E EQUIPAMENTOS,"R$ 1323340,52","0,0%",3312102
"FABRICAÇÃO DE PRODUTOS DIVERSOS DE PAPEL, CARTOLINA, PAPEL-CARTÃO E PAPELÃO ONDULADO","R$ 1321253,52","0,0%",1741901
"EXTRAÇÃO DE PEDRA, AREIA E ARGILA","R$ 1287853,62","0,0%",0810005
TRANSPORTE POR NAVEGAÇÃO INTERIOR,"R$ 1285351,41","0,0%",5021102
ABATE E FABRICAÇÃO DE PRODUTOS DE CARNE,"R$ 1279511,07","0,0%",1012104
MANUTENÇÃO E REPARAÇÃO DE MÁQUINAS E EQUIPAMENTOS,"R$ 1224411,00","0,0%",3313901
"ATIVIDADES DE APOIO À EXTRAÇÃO DE MINERAIS, EXCETO PETRÓLEO E GÁS NATURAL","R$ 1214592,80","0,0%",0990403
"FABRICAÇÃO DE EQUIPAMENTOS E INSTRUMENTOS ÓPTICOS, FOTOGRÁFICOS E CINEMATOGRÁFICOS","R$ 1200728,68","0,0%",2670101
"OBRAS DE INFRAESTRUTURA PARA ENERGIA ELÉTRICA, TELECOMUNICAÇÕES, ÁGUA, ESGOTO E TRANSPORTE POR DUTOS","R$ 1199920,24","0,0%",4221903
"FORJARIA, ESTAMPARIA, METALURGIA DO PÓ E SERVIÇOS DE TRATAMENTO DE METAIS","R$ 1192057,02","0,0%",2531402
PESCA,"R$ 1186567,29","0,0%",0311601
MANUTENÇÃO E REPARAÇÃO DE MÁQUINAS E EQUIPAMENTOS,"R$ 1180466,68","0,0%",3314720
PRODUÇÃO FLORESTAL - FLORESTAS PLANTADAS,"R$ 1180186,19","0,0%",0210101
"OBRAS DE INFRAESTRUTURA PARA ENERGIA ELÉTRICA, TELECOMUNICAÇÕES, ÁGUA, ESGOTO E TRANSPORTE POR DUTOS","R$ 1172509,06","0,0%",4221905
FABRICAÇÃO DE PRODUTOS CERÂMICOS,"R$ 1164976,25","0,0%",2349499
"INSTALAÇÕES ELÉTRICAS, HIDRÁULICAS E OUTRAS INSTALAÇÕES EM CONSTRUÇÕES","R$ 1120316,30","0,0%",4329103
"EXTRAÇÃO DE PEDRA, AREIA E ARGILA","R$ 1119580,73","0,0%",0810007
FABRICAÇÃO DE EQUIPAMENTOS DE TRANSPORTE NÃO ESPECIFICADOS ANTERIORMENTE,"R$ 1116093,00","0,0%",3091100
"ACABAMENTOS EM FIOS, TECIDOS E ARTEFATOS TÊXTEIS","R$ 1113596,09","0,0%",1340599
FABRICAÇÃO DE MÁQUINAS E EQUIPAMENTOS DE USO GERAL,"R$ 1103106,79","0,0%",2829101
FABRICAÇÃO DE INSTRUMENTOS E MATERIAIS PARA USO MÉDICO E ODONTOLÓGICO E DE ARTIGOS ÓPTICOS,"R$ 1101209,82","0,0%",3250703
ATIVIDADES DE CONSULTORIA EM GESTÃO EMPRESARIAL,"R$ 1060671,95","0,0%",7020400
FABRICAÇÃO DE MÁQUINAS E EQUIPAMENTOS DE USO GERAL,"R$ 1059386,94","0,0%",2824101
"COMÉRCIO VAREJISTA DE PRODUTOS FARMACÊUTICOS, PERFUMARIA E COSMÉTICOS E ARTIGOS MÉDICOS, ÓPTICOS E ORTOPÉDICOS","R$ 1053939,21","0,0%",4771703
"CONSTRUÇÃO DE RODOVIAS, FERROVIAS, OBRAS URBANAS E OBRAS-DE-ARTE ESPECIAIS","R$ 1035943,57","0,0%",4213800
OUTROS TRANSPORTES AQUAVIÁRIOS,"R$ 1000023,02","0,0%",5091202
ATIVIDADES DE MALOTE E DE ENTREGA,"R$ 989468,14","0,0%",5320202
DESDOBRAMENTO DE MADEIRA,"R$ 983031,94","0,0%",1610204
"COMÉRCIO VAREJISTA DE ARTIGOS CULTURAIS, RECREATIVOS E ESPORTIVOS","R$ 980427,34","0,0%",4761002
"COMÉRCIO ATACADISTA ESPECIALIZADO EM PRODUTOS ALIMENTÍCIOS, BEBIDAS E FUMO","R$ 972532,27","0,0%",4633802
MANUTENÇÃO E REPARAÇÃO DE MÁQUINAS E EQUIPAMENTOS,"R$ 970032,39","0,0%",3311200
FABRICAÇÃO DE BIOCOMBUSTÍVEIS,"R$ 940316,60","0,0%",1931400
TRATAMENTO E DISPOSIÇÃO DE RESÍDUOS,"R$ 938839,04","0,0%",3821100
TRANSPORTE RODOVIÁRIO DE CARGA,"R$ 937794,75","0,0%",4930204
METALURGIA DOS METAIS NÃO FERROSOS,"R$ 936998,66","0,0%",2441502
MANUTENÇÃO E REPARAÇÃO DE MÁQUINAS E EQUIPAMENTOS,"R$ 930438,18","0,0%",3316302
PRODUÇÃO DE LAVOURAS TEMPORÁRIAS,"R$ 922825,30","0,0%",0114800
"EDIÇÃO INTEGRADA À IMPRESSÃO DE LIVROS, JORNAIS, REVISTAS E OUTRAS PUBLICAÇÕES","R$ 918807,81","0,0%",5822100
"INSTALAÇÕES ELÉTRICAS, HIDRÁULICAS E OUTRAS INSTALAÇÕES EM CONSTRUÇÕES","R$ 890039,37","0,0%",4322302
COMÉRCIO VAREJISTA DE PRODUTOS NOVOS NÃO ESPECIFICADOS ANTERIORMENTE E DE PRODUTOS USADOS,"R$ 884573,52","0,0%",4789003
TRANSPORTE RODOVIÁRIO DE PASSAGEIROS,"R$ 879829,64","0,0%",4924800
COMÉRCIO ATACADISTA DE EQUIPAMENTOS E PRODUTOS DE TECNOLOGIAS DE INFORMAÇÃO E COMUNICAÇÃO,"R$ 879034,48","0,0%",4651602
"REPRESENTANTES COMERCIAIS E AGENTES DO COMÉRCIO, EXCETO DE VEÍCULOS AUTOMOTORES E MOTOCICLETAS","R$ 877720,91","0,0%",4618499
MANUTENÇÃO E REPARAÇÃO DE MÁQUINAS E EQUIPAMENTOS,"R$ 877208,53","0,0%",3314716
ATIVIDADES VETERINÁRIAS,"R$ 872975,49","0,0%",7500100
TRANSPORTE AÉREO DE CARGA,"R$ 869281,86","0,0%",5120000
METALURGIA DOS METAIS NÃO FERROSOS,"R$ 848676,83","0,0%",2449101
PRODUÇÃO DE LAVOURAS TEMPORÁRIAS,"R$ 831985,84","0,0%",0119904
"INSTALAÇÕES ELÉTRICAS, HIDRÁULICAS E OUTRAS INSTALAÇÕES EM CONSTRUÇÕES","R$ 830340,75","0,0%",4322301
TRANSPORTE MARÍTIMO DE CABOTAGEM E LONGO CURSO,"R$ 820049,36","0,0%",5012201
FABRICAÇÃO DE PRODUTOS DIVERSOS,"R$ 817298,29","0,0%",3292201
"REPRESENTANTES COMERCIAIS E AGENTES DO COMÉRCIO, EXCETO DE VEÍCULOS AUTOMOTORES E MOTOCICLETAS","R$ 795185,06","0,0%",4616800
PREPARAÇÃO E FIAÇÃO DE FIBRAS TÊXTEIS,"R$ 793513,59","0,0%",1312000
ATIVIDADES DE ATENÇÃO AMBULATORIAL EXECUTADAS POR MÉDICOS E ODONTÓLOGOS,"R$ 788791,44","0,0%",8630502
PRODUÇÃO DE LAVOURAS TEMPORÁRIAS,"R$ 781437,68","0,0%",0116499
COMÉRCIO DE VEÍCULOS AUTOMOTORES,"R$ 772342,10","0,0%",4511106
"REPRESENTANTES COMERCIAIS E AGENTES DO COMÉRCIO, EXCETO DE VEÍCULOS AUTOMOTORES E MOTOCICLETAS","R$ 771723,83","0,0%",4615000
ATIVIDADES AUXILIARES DOS TRANSPORTES TERRESTRES,"R$ 768692,63","0,0%",5229002
DEMOLIÇÃO E PREPARAÇÃO DO TERRENO,"R$ 756617,07","0,0%",4313400
PECUÁRIA,"R$ 756115,36","0,0%",0155502
ATIVIDADE DE IMPRESSÃO,"R$ 749930,10","0,0%",1811302
"ATIVIDADES PROFISSIONAIS, CIENTÍFICAS E TÉCNICAS NÃO ESPECIFICADAS ANTERIORMENTE","R$ 739644,53","0,0%",7490103
TRANSPORTE FERROVIÁRIO E METROFERROVIÁRIO,"R$ 731792,46","0,0%",4912402
"PRODUÇÃO DE TUBOS DE AÇO, EXCETO TUBOS SEM COSTURA","R$ 726301,49","0,0%",2431800
"OBRAS DE INFRAESTRUTURA PARA ENERGIA ELÉTRICA, TELECOMUNICAÇÕES, ÁGUA, ESGOTO E TRANSPORTE POR DUTOS","R$ 726093,56","0,0%",4221902
ATIVIDADES DE TELEVISÃO,"R$ 718591,57","0,0%",6021700
ATIVIDADES DOS SERVIÇOS DE TECNOLOGIA DA INFORMAÇÃO,"R$ 703560,37","0,0%",6204000
MANUTENÇÃO E REPARAÇÃO DE VEÍCULOS AUTOMOTORES,"R$ 693351,55","0,0%",4520007
MANUTENÇÃO E REPARAÇÃO DE VEÍCULOS AUTOMOTORES,"R$ 685266,81","0,0%",4520003
"OBRAS DE INFRAESTRUTURA PARA ENERGIA ELÉTRICA, TELECOMUNICAÇÕES, ÁGUA, ESGOTO E TRANSPORTE POR DUTOS","R$ 680124,42","0,0%",4222701
"FABRICAÇÃO DE ARTIGOS DE JOALHERIA, BIJUTERIA E SEMELHANTES","R$ 679874,72","0,0%",3211603
SERVIÇOS DE ESCRITÓRIO E APOIO ADMINISTRATIVO,"R$ 663364,92","0,0%",8219999
OUTROS SERVIÇOS ESPECIALIZADOS PARA CONSTRUÇÃO,"R$ 656993,97","0,0%",4399103
"CAPTAÇÃO, TRATAMENTO E DISTRIBUIÇÃO DE ÁGUA","R$ 651588,90","0,0%",3600601
REPARAÇÃO E MANUTENÇÃO DE EQUIPAMENTOS DE INFORMÁTICA E COMUNICAÇÃO,"R$ 648994,19","0,0%",9512600
FABRICAÇÃO DE MÁQUINAS E EQUIPAMENTOS DE USO INDUSTRIAL ESPECÍFICO,"R$ 646682,69","0,0%",2863100
OBRAS DE ACABAMENTO,"R$ 614411,93","0,0%",4330403
ALUGUEL DE MÁQUINAS E EQUIPAMENTOS SEM OPERADOR,"R$ 609469,28","0,0%",7733100
RECONDICIONAMENTO E RECUPERAÇÃO DE MOTORES PARA VEÍCULOS AUTOMOTORES,"R$ 605212,08","0,0%",2950600
EXTRAÇÃO DE MINERAIS METÁLICOS NÃO FERROSOS,"R$ 597354,48","0,0%",0729405
AGÊNCIAS DE VIAGENS E OPERADORES TURÍSTICOS,"R$ 593239,57","0,0%",7912100
HOTÉIS E SIMILARES,"R$ 580012,65","0,0%",5510803
PECUÁRIA,"R$ 577552,97","0,0%",0151202
MANUTENÇÃO E REPARAÇÃO DE MÁQUINAS E EQUIPAMENTOS,"R$ 575631,19","0,0%",3314708
FABRICAÇÃO DE INSTRUMENTOS E MATERIAIS PARA USO MÉDICO E ODONTOLÓGICO E DE ARTIGOS ÓPTICOS,"R$ 575023,65","0,0%",3250709
PRODUÇÃO DE LAVOURAS TEMPORÁRIAS,"R$ 572402,11","0,0%",0111399
TORREFAÇÃO E MOAGEM DE CAFÉ,"R$ 571987,59","0,0%",1081302
MANUTENÇÃO E REPARAÇÃO DE VEÍCULOS AUTOMOTORES,"R$ 568672,08","0,0%",4520002
ATIVIDADES DE RÁDIO,"R$ 563790,96","0,0%",6010100
COMÉRCIO DE VEÍCULOS AUTOMOTORES,"R$ 558042,20","0,0%",4512901
PRODUÇÃO DE LAVOURAS PERMANENTES,"R$ 554713,30","0,0%",0133407
PECUÁRIA,"R$ 552179,49","0,0%",0159801
MANUTENÇÃO E REPARAÇÃO DE MÁQUINAS E EQUIPAMENTOS,"R$ 551067,10","0,0%",3314701
FABRICAÇÃO DE PEÇAS E ACESSÓRIOS PARA VEÍCULOS AUTOMOTORES,"R$ 550887,75","0,0%",2949201
ATIVIDADES DE SOCIEDADES DE PARTICIPAÇÃO,"R$ 549727,80","0,0%",6462000
"MOAGEM, FABRICAÇÃO DE PRODUTOS AMILÁCEOS E DE ALIMENTOS PARA ANIMAIS","R$ 545887,98","0,0%",1064300
"FABRICAÇÃO DE TANQUES, RESERVATÓRIOS METÁLICOS E CALDEIRAS","R$ 534404,46","0,0%",2522500
COLETA DE RESÍDUOS,"R$ 533429,66","0,0%",3811400
ATIVIDADES DE APOIO À AGRICULTURA E À PECUÁRIA; ATIVIDADES DE PÓS-COLHEITA,"R$ 530673,22","0,0%",0162899
MANUTENÇÃO E REPARAÇÃO DE MÁQUINAS E EQUIPAMENTOS,"R$ 529006,59","0,0%",3314712
PECUÁRIA,"R$ 515633,99","0,0%",0155501
PRODUÇÃO FLORESTAL - FLORESTAS PLANTADAS,"R$ 510635,74","0,0%",0210199
MANUTENÇÃO E REPARAÇÃO DE MÁQUINAS E EQUIPAMENTOS,"R$ 508759,59","0,0%",3316301
PUBLICIDADE,"R$ 508690,27","0,0%",7319002
"FABRICAÇÃO DE PILHAS, BATERIAS E ACUMULADORES ELÉTRICOS","R$ 496904,61","0,0%",2721000
CONSTRUÇÃO DE OUTRAS OBRAS DE INFRAESTRUTURA,"R$ 493841,73","0,0%",4292801
HORTICULTURA E FLORICULTURA,"R$ 492018,24","0,0%",0121101
TRANSPORTE DUTOVIÁRIO,"R$ 482954,59","0,0%",4940000
SERVIÇOS DE ESCRITÓRIO E APOIO ADMINISTRATIVO,"R$ 481294,20","0,0%",8211300
PECUÁRIA,"R$ 479345,89","0,0%",0155505
TRANSPORTE RODOVIÁRIO DE PASSAGEIROS,"R$ 476042,83","0,0%",4929901
TRANSPORTE RODOVIÁRIO DE PASSAGEIROS,"R$ 475542,15","0,0%",4922103
"INSTALAÇÕES ELÉTRICAS, HIDRÁULICAS E OUTRAS INSTALAÇÕES EM CONSTRUÇÕES","R$ 470737,53","0,0%",4322303
SIDERURGIA,"R$ 470421,23","0,0%",2421100
PRODUÇÃO FLORESTAL - FLORESTAS PLANTADAS,"R$ 461379,19","0,0%",0210106
COMÉRCIO ATACADISTA DE PRODUTOS DE CONSUMO NÃO ALIMENTAR,"R$ 457788,68","0,0%",4647802
SERVIÇOS DE ESCRITÓRIO E APOIO ADMINISTRATIVO,"R$ 445593,60","0,0%",8219901
FABRICAÇÃO DE MÁQUINAS E EQUIPAMENTOS DE USO GERAL,"R$ 444575,42","0,0%",2821602
LOCAÇÃO DE MEIOS DE TRANSPORTE SEM CONDUTOR,"R$ 442940,23","0,0%",7711000
HOTÉIS E SIMILARES,"R$ 438938,23","0,0%",5510802
PECUÁRIA,"R$ 438531,72","0,0%",0153902
"ACABAMENTOS EM FIOS, TECIDOS E ARTEFATOS TÊXTEIS","R$ 432942,29","0,0%",1340502
SERVIÇOS DE PRÉ-IMPRESSÃO E ACABAMENTOS GRÁFICOS,"R$ 415527,75","0,0%",1822900
"FABRICAÇÃO DE TINTAS, VERNIZES, ESMALTES, LACAS E PRODUTOS AFINS","R$ 411487,87","0,0%",2072000
"FABRICAÇÃO DE MOTORES, BOMBAS, COMPRESSORES E EQUIPAMENTOS DE TRANSMISSÃO","R$ 410107,17","0,0%",2814301
OUTRAS ATIVIDADES DE SERVIÇOS PESSOAIS,"R$ 403478,78","0,0%",9609203
TELECOMUNICAÇÕES POR FIO,"R$ 393106,85","0,0%",6110899
PRODUÇÃO DE SEMENTES E MUDAS CERTIFICADAS,"R$ 390796,04","0,0%",0142300
PRODUÇÃO E DISTRIBUIÇÃO DE COMBUSTÍVEIS GASOSOS POR REDES URBANAS,"R$ 386533,94","0,0%",3520402
REPARAÇÃO E MANUTENÇÃO DE OBJETOS E EQUIPAMENTOS PESSOAIS E DOMÉSTICOS,"R$ 386011,24","0,0%",9529102
MANUTENÇÃO E REPARAÇÃO DE MÁQUINAS E EQUIPAMENTOS,"R$ 385700,39","0,0%",3314713
MANUTENÇÃO E REPARAÇÃO DE MÁQUINAS E EQUIPAMENTOS,"R$ 367309,89","0,0%",3314704
PESQUISA E DESENVOLVIMENTO EXPERIMENTAL EM CIÊNCIAS FÍSICAS E NATURAIS,"R$ 366425,60","0,0%",7210000
HORTICULTURA E FLORICULTURA,"R$ 364824,95","0,0%",0122900
TRANSPORTE RODOVIÁRIO DE PASSAGEIROS,"R$ 361284,88","0,0%",4923002
"FABRICAÇÃO DE PAPEL, CARTOLINA E PAPEL-CARTÃO","R$ 349327,55","0,0%",1722200
ATIVIDADES DE MALOTE E DE ENTREGA,"R$ 349178,10","0,0%",5320201
ALUGUEL DE MÁQUINAS E EQUIPAMENTOS SEM OPERADOR,"R$ 346768,61","0,0%",7732201
ATIVIDADES DOS SERVIÇOS DE TECNOLOGIA DA INFORMAÇÃO,"R$ 344582,04","0,0%",6203100
"FABRICAÇÃO DE EQUIPAMENTOS E INSTRUMENTOS ÓPTICOS, FOTOGRÁFICOS E CINEMATOGRÁFICOS","R$ 344004,15","0,0%",2670102
"ARMAZENAMENTO, CARGA E DESCARGA","R$ 335393,95","0,0%",5212500
ATIVIDADES ESPORTIVAS,"R$ 331326,52","0,0%",9313100
"COMÉRCIO, MANUTENÇÃO E REPARAÇÃO DE MOTOCICLETAS, PEÇAS E ACESSÓRIOS","R$ 331243,90","0,0%",4541204
MANUTENÇÃO E REPARAÇÃO DE VEÍCULOS AUTOMOTORES,"R$ 330788,66","0,0%",4520006
"ATIVIDADES DE ORGANIZAÇÃO DE EVENTOS, EXCETO CULTURAIS E ESPORTIVOS","R$ 330248,76","0,0%",8230001
CONSTRUÇÃO DE EMBARCAÇÕES,"R$ 325872,27","0,0%",3012100
TRANSPORTE FERROVIÁRIO E METROFERROVIÁRIO,"R$ 322104,96","0,0%",4911600
CONFECÇÃO DE ARTIGOS DO VESTUÁRIO E ACESSÓRIOS,"R$ 320891,23","0,0%",1413403
MANUTENÇÃO E REPARAÇÃO DE MÁQUINAS E EQUIPAMENTOS,"R$ 319871,21","0,0%",3314702
PRODUÇÃO DE LAVOURAS TEMPORÁRIAS,"R$ 310728,27","0,0%",0119902
OUTRAS ATIVIDADES DE ENSINO,"R$ 305945,18","0,0%",8591100
SERVIÇOS DE PRÉ-IMPRESSÃO E ACABAMENTOS GRÁFICOS,"R$ 305359,82","0,0%",1822999
MANUTENÇÃO E REPARAÇÃO DE MÁQUINAS E EQUIPAMENTOS,"R$ 304982,56","0,0%",3314706
OUTROS SERVIÇOS ESPECIALIZADOS PARA CONSTRUÇÃO,"R$ 304326,38","0,0%",4399105
ATIVIDADES PAISAGÍSTICAS,"R$ 301173,27","0,0%",8130300
ATIVIDADES DOS SERVIÇOS DE TECNOLOGIA DA INFORMAÇÃO,"R$ 301142,31","0,0%",6201500
APARELHAMENTO DE PEDRAS E FABRICAÇÃO DE OUTROS PRODUTOS DE MINERAIS NÃO METÁLICOS,"R$ 297876,54","0,0%",2399102
OUTRAS ATIVIDADES DE SERVIÇOS PESSOAIS,"R$ 295550,14","0,0%",9603304
REPARAÇÃO E MANUTENÇÃO DE OBJETOS E EQUIPAMENTOS PESSOAIS E DOMÉSTICOS,"R$ 295484,04","0,0%",9529104
MANUTENÇÃO E REPARAÇÃO DE MÁQUINAS E EQUIPAMENTOS,"R$ 293157,99","0,0%",3314717
PRODUÇÃO DE SEMENTES E MUDAS CERTIFICADAS,"R$ 289505,55","0,0%",0141502
OPERADORAS DE TELEVISÃO POR ASSINATURA,"R$ 287701,04","0,0%",6143400
MANUTENÇÃO E REPARAÇÃO DE MÁQUINAS E EQUIPAMENTOS,"R$ 282688,69","0,0%",3314718
OUTRAS ATIVIDADES DE ENSINO,"R$ 281375,98","0,0%",8599604
PECUÁRIA,"R$ 279982,30","0,0%",0152102
FABRICAÇÃO DE PRODUTOS E PREPARADOS QUÍMICOS DIVERSOS,"R$ 278798,87","0,0%",2092403
ATIVIDADES DE MONITORAMENTO DE SISTEMAS DE SEGURANÇA,"R$ 277953,64","0,0%",8020000
"OBRAS DE INFRAESTRUTURA PARA ENERGIA ELÉTRICA, TELECOMUNICAÇÕES, ÁGUA, ESGOTO E TRANSPORTE POR DUTOS","R$ 277234,12","0,0%",4221904
REPARAÇÃO E MANUTENÇÃO DE OBJETOS E EQUIPAMENTOS PESSOAIS E DOMÉSTICOS,"R$ 269256,40","0,0%",9529105
OUTRAS ATIVIDADES DE PRESTAÇÃO DE SERVIÇOS DE INFORMAÇÃO,"R$ 267191,03","0,0%",6399200
"COMÉRCIO, MANUTENÇÃO E REPARAÇÃO DE MOTOCICLETAS, PEÇAS E ACESSÓRIOS","R$ 265338,32","0,0%",4543900
ATIVIDADES ESPORTIVAS,"R$ 263922,47","0,0%",9319199
ATIVIDADES DOS SERVIÇOS DE TECNOLOGIA DA INFORMAÇÃO,"R$ 262269,86","0,0%",6202300
OUTRAS ATIVIDADES DE SERVIÇOS PESSOAIS,"R$ 258632,81","0,0%",9609208
OUTRAS ATIVIDADES DE SERVIÇOS PESSOAIS,"R$ 257832,31","0,0%",9602501
PESCA,"R$ 251767,41","0,0%",0311602
ATIVIDADES FOTOGRÁFICAS E SIMILARES,"R$ 250141,70","0,0%",7420003
"TECELAGEM, EXCETO MALHA","R$ 247062,76","0,0%",1321900
FABRICAÇÃO DE PRODUTOS FARMOQUÍMICOS,"R$ 238927,26","0,0%",2110600
OBRAS DE ACABAMENTO,"R$ 235676,17","0,0%",4330499
COMÉRCIO VAREJISTA DE PRODUTOS NOVOS NÃO ESPECIFICADOS ANTERIORMENTE E DE PRODUTOS USADOS,"R$ 235573,86","0,0%",4789006
ABATE E FABRICAÇÃO DE PRODUTOS DE CARNE,"R$ 235028,45","0,0%",1011203
PECUÁRIA,"R$ 234405,95","0,0%",0155503
OUTROS TIPOS DE ALOJAMENTO NÃO ESPECIFICADOS ANTERIORMENTE,"R$ 230903,14","0,0%",5590699
ATIVIDADES DE ASSOCIAÇÕES DE DEFESA DE DIREITOS SOCIAIS,"R$ 229443,89","0,0%",9430800
PRODUÇÃO DE LAVOURAS PERMANENTES,"R$ 222198,71","0,0%",0133402
ALUGUEL DE OBJETOS PESSOAIS E DOMÉSTICOS,"R$ 221665,46","0,0%",7722500
PRODUÇÃO FLORESTAL - FLORESTAS PLANTADAS,"R$ 220868,34","0,0%",0210102
OUTRAS ATIVIDADES DE SERVIÇOS PESSOAIS,"R$ 217498,36","0,0%",9609299
"ATIVIDADES DE ORGANIZAÇÃO DE EVENTOS, EXCETO CULTURAIS E ESPORTIVOS","R$ 216645,01","0,0%",8230002
ATIVIDADES DE APOIO À AGRICULTURA E À PECUÁRIA; ATIVIDADES DE PÓS-COLHEITA,"R$ 215240,45","0,0%",0162801
MANUTENÇÃO E REPARAÇÃO DE MÁQUINAS E EQUIPAMENTOS,"R$ 211214,94","0,0%",3317102
"ATIVIDADES PROFISSIONAIS, CIENTÍFICAS E TÉCNICAS NÃO ESPECIFICADAS ANTERIORMENTE","R$ 209822,44","0,0%",7490199
PECUÁRIA,"R$ 209371,99","0,0%",0151203
ATIVIDADES DE RECREAÇÃO E LAZER,"R$ 208054,55","0,0%",9329801
PRODUÇÃO DE LAVOURAS TEMPORÁRIAS,"R$ 203116,26","0,0%",0119905
"EDIÇÃO DE LIVROS, JORNAIS, REVISTAS E OUTRAS ATIVIDADES DE EDIÇÃO","R$ 202248,83","0,0%",5813100
ALUGUEL DE MÁQUINAS E EQUIPAMENTOS SEM OPERADOR,"R$ 198969,76","0,0%",7732202
OUTRAS ATIVIDADES DE ENSINO,"R$ 198602,62","0,0%",8593700
FABRICAÇÃO DE AERONAVES,"R$ 195301,85","0,0%",3041500
EXTRAÇÃO DE CARVÃO MINERAL,"R$ 186950,82","0,0%",0500301
ATIVIDADES DE ORGANIZAÇÕES ASSOCIATIVAS NÃO ESPECIFICADAS ANTERIORMENTE,"R$ 183043,98","0,0%",9491000
FABRICAÇÃO DE VEÍCULOS FERROVIÁRIOS,"R$ 181338,83","0,0%",3032600
FABRICAÇÃO DE ARTIGOS DE MALHARIA E TRICOTAGEM,"R$ 178989,16","0,0%",1421500
INSTALAÇÃO DE MÁQUINAS E EQUIPAMENTOS,"R$ 178768,84","0,0%",3329599
OUTRAS ATIVIDADES DE ENSINO,"R$ 176555,89","0,0%",8599699
OBRAS DE ACABAMENTO,"R$ 176339,48","0,0%",4330402
"FABRICAÇÃO DE CABINES, CARROCERIAS E REBOQUES PARA VEÍCULOS AUTOMOTORES","R$ 175245,67","0,0%",2930102
MANUTENÇÃO E REPARAÇÃO DE VEÍCULOS AUTOMOTORES,"R$ 172164,31","0,0%",4520004
ATIVIDADES DE RECREAÇÃO E LAZER,"R$ 171823,29","0,0%",9329899
"EDIÇÃO DE LIVROS, JORNAIS, REVISTAS E OUTRAS ATIVIDADES DE EDIÇÃO","R$ 169993,44","0,0%",5811500
PUBLICIDADE,"R$ 169793,26","0,0%",7312200
OUTRAS ATIVIDADES DE SERVIÇOS PESSOAIS,"R$ 167574,96","0,0%",9602502
PRODUÇÃO DE LAVOURAS PERMANENTES,"R$ 162953,48","0,0%",0139302
PRODUÇÃO DE LAVOURAS PERMANENTES,"R$ 161264,43","0,0%",0133404
"FABRICAÇÃO DE PRODUTOS DE MADEIRA, CORTIÇA E MATERIAL TRANÇADO, EXCETO MÓVEIS","R$ 159498,67","0,0%",1622601
"INSTALAÇÕES ELÉTRICAS, HIDRÁULICAS E OUTRAS INSTALAÇÕES EM CONSTRUÇÕES","R$ 157745,60","0,0%",4329199
FABRICAÇÃO DE PRODUTOS DIVERSOS,"R$ 157221,36","0,0%",3299006
TRANSPORTE RODOVIÁRIO DE PASSAGEIROS,"R$ 157201,09","0,0%",4929999
OUTROS SERVIÇOS ESPECIALIZADOS PARA CONSTRUÇÃO,"R$ 157041,55","0,0%",4399199
TELECOMUNICAÇÕES SEM FIO,"R$ 156875,55","0,0%",6120599
OBRAS DE ACABAMENTO,"R$ 156811,17","0,0%",4330401
COMÉRCIO VAREJISTA DE PRODUTOS NOVOS NÃO ESPECIFICADOS ANTERIORMENTE E DE PRODUTOS USADOS,"R$ 154012,69","0,0%",4785701
INCORPORAÇÃO DE EMPREENDIMENTOS IMOBILIÁRIOS,"R$ 153707,66","0,0%",4110700
MANUTENÇÃO E REPARAÇÃO DE MÁQUINAS E EQUIPAMENTOS,"R$ 152160,68","0,0%",3314709
ABATE E FABRICAÇÃO DE PRODUTOS DE CARNE,"R$ 149912,68","0,0%",1011202
DESIGN E DECORAÇÃO DE INTERIORES,"R$ 149135,61","0,0%",7410202
ATIVIDADES DE LIMPEZA,"R$ 148584,11","0,0%",8121400
CONSTRUÇÃO DE EMBARCAÇÕES,"R$ 145987,55","0,0%",3011302
FABRICAÇÃO DE INSTRUMENTOS MUSICAIS,"R$ 142063,13","0,0%",3220500
"INSTALAÇÕES ELÉTRICAS, HIDRÁULICAS E OUTRAS INSTALAÇÕES EM CONSTRUÇÕES","R$ 140120,54","0,0%",4329101
METALURGIA DOS METAIS NÃO FERROSOS,"R$ 139988,64","0,0%",2442300
COMÉRCIO VAREJISTA DE EQUIPAMENTOS DE INFORMÁTICA E COMUNICAÇÃO; EQUIPAMENTOS E ARTIGOS DE USO DOMÉSTICO,"R$ 139170,39","0,0%",4751202
"MOAGEM, FABRICAÇÃO DE PRODUTOS AMILÁCEOS E DE ALIMENTOS PARA ANIMAIS","R$ 137249,28","0,0%",1065101
ALUGUEL DE MÁQUINAS E EQUIPAMENTOS SEM OPERADOR,"R$ 134924,75","0,0%",7739002
OUTRAS ATIVIDADES DE SERVIÇOS PRESTADOS PRINCIPALMENTE ÀS EMPRESAS,"R$ 133981,06","0,0%",8299706
TELECOMUNICAÇÕES POR FIO,"R$ 132414,23","0,0%",6110802
FABRICAÇÃO DE INSTRUMENTOS E MATERIAIS PARA USO MÉDICO E ODONTOLÓGICO E DE ARTIGOS ÓPTICOS,"R$ 129742,30","0,0%",3250706
ATIVIDADES FOTOGRÁFICAS E SIMILARES,"R$ 129239,93","0,0%",7420001
"ATIVIDADES DE PROFISSIONAIS DA ÁREA DE SAÚDE, EXCETO MÉDICOS E ODONTÓLOGOS","R$ 126736,18","0,0%",8650004
ATIVIDADES DE MONITORAMENTO DE SISTEMAS DE SEGURANÇA,"R$ 125094,27","0,0%",8020001
OPERADORAS DE TELEVISÃO POR ASSINATURA,"R$ 122836,19","0,0%",6141800
COMÉRCIO ATACADISTA DE PRODUTOS DE CONSUMO NÃO ALIMENTAR,"R$ 121892,23","0,0%",4649407
FABRICAÇÃO DE BRINQUEDOS E JOGOS RECREATIVOS,"R$ 121452,23","0,0%",3240003
OUTRAS ATIVIDADES DE SERVIÇOS PESSOAIS,"R$ 121073,87","0,0%",9603399
"ATIVIDADES ARTÍSTICAS, CRIATIVAS E DE ESPETÁCULOS","R$ 120159,71","0,0%",9001906
FABRICAÇÃO DE MÁQUINAS E EQUIPAMENTOS DE USO INDUSTRIAL ESPECÍFICO,"R$ 119953,97","0,0%",2865800
MANUTENÇÃO E REPARAÇÃO DE VEÍCULOS AUTOMOTORES,"R$ 118688,12","0,0%",4520005
PRODUÇÃO DE LAVOURAS TEMPORÁRIAS,"R$ 115411,82","0,0%",0119906
OBRAS DE ACABAMENTO,"R$ 113905,94","0,0%",4330404
ATIVIDADES DE APOIO À AGRICULTURA E À PECUÁRIA; ATIVIDADES DE PÓS-COLHEITA,"R$ 110740,83","0,0%",0161001
SERVIÇOS DE ARQUITETURA E ENGENHARIA E ATIVIDADES TÉCNICAS RELACIONADAS,"R$ 107787,74","0,0%",7111100
ATIVIDADES DE LIMPEZA,"R$ 106539,30","0,0%",8129000
FABRICAÇÃO DE ESTRUTURAS METÁLICAS E OBRAS DE CALDEIRARIA PESADA,"R$ 105542,78","0,0%",2513600
RECUPERAÇÃO DE MATERIAIS,"R$ 105119,41","0,0%",3839401
PRODUÇÃO DE LAVOURAS TEMPORÁRIAS,"R$ 103463,30","0,0%",0112199
ATIVIDADES DE ATENÇÃO AMBULATORIAL EXECUTADAS POR MÉDICOS E ODONTÓLOGOS,"R$ 103165,95","0,0%",8630506
MANUTENÇÃO E REPARAÇÃO DE MÁQUINAS E EQUIPAMENTOS,"R$ 102679,05","0,0%",3317101
"EDIÇÃO INTEGRADA À IMPRESSÃO DE LIVROS, JORNAIS, REVISTAS E OUTRAS PUBLICAÇÕES","R$ 101106,23","0,0%",5822101
ATIVIDADES AUXILIARES DOS TRANSPORTES AQUAVIÁRIOS,"R$ 100789,60","0,0%",5232000
DESIGN E DECORAÇÃO DE INTERIORES,"R$ 97227,74","0,0%",7410203
"ATIVIDADES DE VIGILÂNCIA, SEGURANÇA PRIVADA E TRANSPORTE DE VALORES","R$ 94538,71","0,0%",8011101
"FABRICAÇÃO DE MÍDIAS VIRGENS, MAGNÉTICAS E ÓPTICAS","R$ 94417,67","0,0%",2680900
ATIVIDADES DE ORGANIZAÇÕES ASSOCIATIVAS NÃO ESPECIFICADAS ANTERIORMENTE,"R$ 94016,50","0,0%",9499500
FABRICAÇÃO DE CAMINHÕES E ÔNIBUS,"R$ 91091,60","0,0%",2920402
ALUGUEL DE OBJETOS PESSOAIS E DOMÉSTICOS,"R$ 87506,23","0,0%",7723300
AQÜICULTURA,"R$ 85663,93","0,0%",0322101
FABRICAÇÃO DE EQUIPAMENTOS E APARELHOS ELÉTRICOS NÃO ESPECIFICADOS ANTERIORMENTE,"R$ 85327,91","0,0%",2790201
EXTRAÇÃO DE OUTROS MINERAIS NÃO METÁLICOS,"R$ 84928,08","0,0%",0893200
ATIVIDADES LIGADAS AO PATRIMÔNIO CULTURAL E AMBIENTAL,"R$ 83263,20","0,0%",9103100
ATIVIDADES DOS SERVIÇOS DE TECNOLOGIA DA INFORMAÇÃO,"R$ 82252,20","0,0%",6201501
ATIVIDADES ESPORTIVAS,"R$ 78777,92","0,0%",9311500
MANUTENÇÃO E REPARAÇÃO DE MÁQUINAS E EQUIPAMENTOS,"R$ 78252,24","0,0%",3314719
ATIVIDADES ESPORTIVAS,"R$ 77755,06","0,0%",9312300
FABRICAÇÃO DE BEBIDAS NÃO ALCOÓLICAS,"R$ 77139,09","0,0%",1122402
CONSTRUÇÃO DE OUTRAS OBRAS DE INFRAESTRUTURA,"R$ 76768,12","0,0%",4292802
"ATIVIDADES PROFISSIONAIS, CIENTÍFICAS E TÉCNICAS NÃO ESPECIFICADAS ANTERIORMENTE","R$ 76429,16","0,0%",7490104
ALUGUEL DE OBJETOS PESSOAIS E DOMÉSTICOS,"R$ 76204,42","0,0%",7729299
"PRODUÇÃO E DISTRIBUIÇÃO DE VAPOR, ÁGUA QUENTE E AR CONDICIONADO","R$ 73856,46","0,0%",3530100
SERVIÇOS DE PRÉ-IMPRESSÃO E ACABAMENTOS GRÁFICOS,"R$ 73654,08","0,0%",1822901
HORTICULTURA E FLORICULTURA,"R$ 72783,11","0,0%",0121102
MANUTENÇÃO E REPARAÇÃO DE MÁQUINAS E EQUIPAMENTOS,"R$ 72139,63","0,0%",3313902
ATIVIDADES IMOBILIÁRIAS DE IMÓVEIS PRÓPRIOS,"R$ 70512,35","0,0%",6810201
OUTRAS ATIVIDADES DE ENSINO,"R$ 70447,53","0,0%",8599603
SIDERURGIA,"R$ 69590,38","0,0%",2423701
ATIVIDADES IMOBILIÁRIAS DE IMÓVEIS PRÓPRIOS,"R$ 69262,83","0,0%",6810202
ATIVIDADES AUXILIARES DOS TRANSPORTES TERRESTRES,"R$ 67943,65","0,0%",5223100
FABRICAÇÃO DE PRODUTOS DIVERSOS,"R$ 67712,17","0,0%",3299001
"EDIÇÃO INTEGRADA À IMPRESSÃO DE LIVROS, JORNAIS, REVISTAS E OUTRAS PUBLICAÇÕES","R$ 67123,85","0,0%",5821200
ATIVIDADE DE IMPRESSÃO,"R$ 66366,43","0,0%",1811301
TRANSPORTE RODOVIÁRIO DE PASSAGEIROS,"R$ 66360,85","0,0%",4929903
OUTRAS ATIVIDADES DE SERVIÇOS PRESTADOS PRINCIPALMENTE ÀS EMPRESAS,"R$ 65330,86","0,0%",8299703
ATIVIDADES DE LIMPEZA,"R$ 64599,38","0,0%",8122200
OUTROS SERVIÇOS ESPECIALIZADOS PARA CONSTRUÇÃO,"R$ 64019,73","0,0%",4391600
"FABRICAÇÃO DE CONSERVAS DE FRUTAS, LEGUMES E OUTROS VEGETAIS","R$ 63992,50","0,0%",1032501
PRODUÇÃO FLORESTAL - FLORESTAS NATIVAS,"R$ 63489,45","0,0%",0220901
FABRICAÇÃO DE PRODUTOS DO FUMO,"R$ 61987,17","0,0%",1220402
PRODUÇÃO DE LAVOURAS TEMPORÁRIAS,"R$ 61986,18","0,0%",0119999
"ATIVIDADES DE PROFISSIONAIS DA ÁREA DE SAÚDE, EXCETO MÉDICOS E ODONTÓLOGOS","R$ 61659,54","0,0%",8650006
"ATIVIDADES CINEMATOGRÁFICAS, PRODUÇÃO DE VÍDEOS E DE PROGRAMAS DE TELEVISÃO","R$ 61177,70","0,0%",5911199
ATIVIDADES DE ATENÇÃO À SAÚDE HUMANA NÃO ESPECIFICADAS ANTERIORMENTE,"R$ 61021,73","0,0%",8690999
"ATIVIDADES ARTÍSTICAS, CRIATIVAS E DE ESPETÁCULOS","R$ 60596,92","0,0%",9001999
ATIVIDADES DE ATENÇÃO AMBULATORIAL EXECUTADAS POR MÉDICOS E ODONTÓLOGOS,"R$ 60375,24","0,0%",8630503
SERVIÇOS DE ARQUITETURA E ENGENHARIA E ATIVIDADES TÉCNICAS RELACIONADAS,"R$ 60282,27","0,0%",7119701
OUTROS SERVIÇOS ESPECIALIZADOS PARA CONSTRUÇÃO,"R$ 59264,03","0,0%",4399104
SERVIÇOS DE ARQUITETURA E ENGENHARIA E ATIVIDADES TÉCNICAS RELACIONADAS,"R$ 58145,09","0,0%",7119799
NAVEGAÇÃO DE APOIO,"R$ 57638,74","0,0%",5030101
PRODUÇÃO DE LAVOURAS PERMANENTES,"R$ 57030,37","0,0%",0139399
REPARAÇÃO E MANUTENÇÃO DE OBJETOS E EQUIPAMENTOS PESSOAIS E DOMÉSTICOS,"R$ 53869,36","0,0%",9529101
PRODUÇÃO DE LAVOURAS PERMANENTES,"R$ 52098,37","0,0%",0133411
ATIVIDADES IMOBILIÁRIAS POR CONTRATO OU COMISSÃO,"R$ 52016,55","0,0%",6822600
MANUTENÇÃO E REPARAÇÃO DE MÁQUINAS E EQUIPAMENTOS,"R$ 51239,11","0,0%",3314722
PECUÁRIA,"R$ 51142,92","0,0%",0155504
LOCAÇÃO DE MÃO DE OBRA TEMPORÁRIA,"R$ 50884,77","0,0%",7820500
SERVIÇOS DE ARQUITETURA E ENGENHARIA E ATIVIDADES TÉCNICAS RELACIONADAS,"R$ 48876,09","0,0%",7119704
OBRAS DE ACABAMENTO,"R$ 48688,43","0,0%",4330405
OUTROS TIPOS DE ALOJAMENTO NÃO ESPECIFICADOS ANTERIORMENTE,"R$ 48418,69","0,0%",5590603
PRODUÇÃO FLORESTAL - FLORESTAS PLANTADAS,"R$ 47839,62","0,0%",0210105
ATIVIDADES DE RECREAÇÃO E LAZER,"R$ 45898,72","0,0%",9329802
REPARAÇÃO E MANUTENÇÃO DE OBJETOS E EQUIPAMENTOS PESSOAIS E DOMÉSTICOS,"R$ 45223,92","0,0%",9529106
PRODUÇÃO DE LAVOURAS TEMPORÁRIAS,"R$ 44953,36","0,0%",0119908
PRODUÇÃO FLORESTAL - FLORESTAS NATIVAS,"R$ 44604,24","0,0%",0220999
ATIVIDADES DE CORREIO,"R$ 42441,39","0,0%",5310502
ATIVIDADE DE IMPRESSÃO,"R$ 42280,48","0,0%",1812100
"REPRESENTANTES COMERCIAIS E AGENTES DO COMÉRCIO, EXCETO DE VEÍCULOS AUTOMOTORES E MOTOCICLETAS","R$ 40377,38","0,0%",4618401
MANUTENÇÃO E REPARAÇÃO DE MÁQUINAS E EQUIPAMENTOS,"R$ 39612,29","0,0%",3312103
"CONSTRUÇÃO DE RODOVIAS, FERROVIAS, OBRAS URBANAS E OBRAS-DE-ARTE ESPECIAIS","R$ 38036,15","0,0%",4211102
ALUGUEL DE OBJETOS PESSOAIS E DOMÉSTICOS,"R$ 37935,47","0,0%",7729202
ALUGUEL DE MÁQUINAS E EQUIPAMENTOS SEM OPERADOR,"R$ 37297,21","0,0%",7739003
"OBRAS DE INFRAESTRUTURA PARA ENERGIA ELÉTRICA, TELECOMUNICAÇÕES, ÁGUA, ESGOTO E TRANSPORTE POR DUTOS","R$ 37191,25","0,0%",4221901
PRODUÇÃO FLORESTAL - FLORESTAS NATIVAS,"R$ 36787,19","0,0%",0220902
"INSTALAÇÕES ELÉTRICAS, HIDRÁULICAS E OUTRAS INSTALAÇÕES EM CONSTRUÇÕES","R$ 36734,88","0,0%",4329105
ENSINO MÉDIO,"R$ 36432,12","0,0%",8520100
SERVIÇOS DE ASSISTÊNCIA SOCIAL SEM ALOJAMENTO,"R$ 35833,83","0,0%",8800600
PECUÁRIA,"R$ 35662,41","0,0%",0152103
ATIVIDADES AUXILIARES DOS TRANSPORTES TERRESTRES,"R$ 34549,97","0,0%",5229099
"COMÉRCIO, MANUTENÇÃO E REPARAÇÃO DE MOTOCICLETAS, PEÇAS E ACESSÓRIOS","R$ 34410,28","0,0%",4541207
GESTÃO DE ATIVOS INTANGÍVEIS NÃO FINANCEIROS,"R$ 32146,88","0,0%",7740300
PRODUÇÃO FLORESTAL - FLORESTAS NATIVAS,"R$ 31981,60","0,0%",0220904
PRODUÇÃO DE LAVOURAS PERMANENTES,"R$ 31752,23","0,0%",0131800
NAVEGAÇÃO DE APOIO,"R$ 31090,53","0,0%",5030102
"INSTALAÇÕES ELÉTRICAS, HIDRÁULICAS E OUTRAS INSTALAÇÕES EM CONSTRUÇÕES","R$ 31028,00","0,0%",4329104
MANUTENÇÃO E REPARAÇÃO DE MÁQUINAS E EQUIPAMENTOS,"R$ 30512,32","0,0%",3314705
FABRICAÇÃO DE AERONAVES,"R$ 30424,83","0,0%",3042300
MANUTENÇÃO E REPARAÇÃO DE MÁQUINAS E EQUIPAMENTOS,"R$ 29995,81","0,0%",3314703
SERVIÇOS DE RESERVAS E OUTROS SERVIÇOS DE TURISMO NÃO ESPECIFICADOS ANTERIORMENTE,"R$ 29164,57","0,0%",7990200
COLETA DE RESÍDUOS,"R$ 28759,95","0,0%",3812200
PRODUÇÃO DE LAVOURAS PERMANENTES,"R$ 27323,43","0,0%",0133409
MANUTENÇÃO E REPARAÇÃO DE MÁQUINAS E EQUIPAMENTOS,"R$ 26448,54","0,0%",3314715
OUTROS TIPOS DE ALOJAMENTO NÃO ESPECIFICADOS ANTERIORMENTE,"R$ 26338,24","0,0%",5590602
PRODUÇÃO DE LAVOURAS TEMPORÁRIAS,"R$ 25802,40","0,0%",0113000
PUBLICIDADE,"R$ 25481,86","0,0%",7319099
OUTRAS ATIVIDADES DE ENSINO,"R$ 25296,35","0,0%",8599601
DESIGN E DECORAÇÃO DE INTERIORES,"R$ 23975,27","0,0%",7410299
"CAPTAÇÃO, TRATAMENTO E DISTRIBUIÇÃO DE ÁGUA","R$ 23973,52","0,0%",3600602
FABRICAÇÃO DE BRINQUEDOS E JOGOS RECREATIVOS,"R$ 23839,14","0,0%",3240001
ATIVIDADES AUXILIARES DOS SERVIÇOS FINANCEIROS,"R$ 23801,21","0,0%",6612604
REPARAÇÃO E MANUTENÇÃO DE OBJETOS E EQUIPAMENTOS PESSOAIS E DOMÉSTICOS,"R$ 23538,57","0,0%",9529103
ATIVIDADES DE GRAVAÇÃO DE SOM E DE EDIÇÃO DE MÚSICA,"R$ 23409,09","0,0%",5920100
OUTRAS ATIVIDADES DE ENSINO,"R$ 23246,90","0,0%",8599605
ATIVIDADES DE RECREAÇÃO E LAZER,"R$ 22345,07","0,0%",9321200
OUTRAS ATIVIDADES DE SERVIÇOS PESSOAIS,"R$ 21438,53","0,0%",9601701
OUTRAS ATIVIDADES DE SERVIÇOS PRESTADOS PRINCIPALMENTE ÀS EMPRESAS,"R$ 20469,94","0,0%",8299707
SERVIÇOS DE ARQUITETURA E ENGENHARIA E ATIVIDADES TÉCNICAS RELACIONADAS,"R$ 20353,25","0,0%",7119702
SERVIÇOS COMBINADOS PARA APOIO A EDIFÍCIOS,"R$ 20177,12","0,0%",8111700
DEMOLIÇÃO E PREPARAÇÃO DO TERRENO,"R$ 19965,38","0,0%",4312600
PECUÁRIA,"R$ 19888,21","0,0%",0153901
"FABRICAÇÃO DE ARTEFATOS DE CONCRETO, CIMENTO, FIBROCIMENTO, GESSO E MATERIAIS SEMELHANTES","R$ 19547,12","0,0%",2330304
CONFECÇÃO DE ARTIGOS DO VESTUÁRIO E ACESSÓRIOS,"R$ 18571,47","0,0%",1411802
EDUCAÇÃO INFANTIL E ENSINO FUNDAMENTAL,"R$ 17388,03","0,0%",8513900
SERVIÇOS DE ARQUITETURA E ENGENHARIA E ATIVIDADES TÉCNICAS RELACIONADAS,"R$ 16889,43","0,0%",7119703
OUTRAS ATIVIDADES DE SERVIÇOS PESSOAIS,"R$ 16770,36","0,0%",9609206
ATIVIDADES DE RECREAÇÃO E LAZER,"R$ 16638,99","0,0%",9329804
EDUCAÇÃO INFANTIL E ENSINO FUNDAMENTAL,"R$ 16444,85","0,0%",8511200
OUTRAS ATIVIDADES DE SERVIÇOS PRESTADOS PRINCIPALMENTE ÀS EMPRESAS,"R$ 15912,35","0,0%",8299701
"ATIVIDADES ARTÍSTICAS, CRIATIVAS E DE ESPETÁCULOS","R$ 15647,77","0,0%",9003500
ATIVIDADES FOTOGRÁFICAS E SIMILARES,"R$ 14594,56","0,0%",7420002
ATIVIDADES DE RECREAÇÃO E LAZER,"R$ 14436,06","0,0%",9329803
ALUGUEL DE OBJETOS PESSOAIS E DOMÉSTICOS,"R$ 13998,55","0,0%",7721700
PRODUÇÃO DE LAVOURAS TEMPORÁRIAS,"R$ 13814,44","0,0%",0119909
EDUCAÇÃO PROFISSIONAL DE NÍVEL TÉCNICO E TECNOLÓGICO,"R$ 13468,96","0,0%",8541400
COMÉRCIO VAREJISTA NÃO ESPECIALIZADO,"R$ 13297,56","0,0%",4713003
"FABRICAÇÃO DE APARELHOS E INSTRUMENTOS DE MEDIDA, TESTE E CONTROLE; CRONÔMETROS E RELÓGIOS","R$ 12631,79","0,0%",2652300
PUBLICIDADE,"R$ 12526,71","0,0%",7311400
ATIVIDADES DE APOIO À AGRICULTURA E À PECUÁRIA; ATIVIDADES DE PÓS-COLHEITA,"R$ 12374,93","0,0%",0162803
LOCAÇÃO DE MEIOS DE TRANSPORTE SEM CONDUTOR,"R$ 12340,88","0,0%",7719599
ATIVIDADES DE TELEATENDIMENTO,"R$ 12268,67","0,0%",8220200
"EXTRAÇÃO DE PEDRA, AREIA E ARGILA","R$ 12115,30","0,0%",0810002
"OBRAS DE INFRAESTRUTURA PARA ENERGIA ELÉTRICA, TELECOMUNICAÇÕES, ÁGUA, ESGOTO E TRANSPORTE POR DUTOS","R$ 11929,19","0,0%",4222702
PUBLICIDADE,"R$ 11881,95","0,0%",7319003
"COMÉRCIO, MANUTENÇÃO E REPARAÇÃO DE MOTOCICLETAS, PEÇAS E ACESSÓRIOS","R$ 11483,39","0,0%",4542101
"CONSTRUÇÃO DE RODOVIAS, FERROVIAS, OBRAS URBANAS E OBRAS-DE-ARTE ESPECIAIS","R$ 10547,76","0,0%",4212000
TRANSPORTE RODOVIÁRIO DE PASSAGEIROS,"R$ 10545,52","0,0%",4923001
COMÉRCIO VAREJISTA NÃO ESPECIALIZADO,"R$ 10384,78","0,0%",4713005
TRANSPORTE POR NAVEGAÇÃO INTERIOR,"R$ 10177,15","0,0%",5022001
MANUTENÇÃO E REPARAÇÃO DE MÁQUINAS E EQUIPAMENTOS,"R$ 9940,89","0,0%",3312104
PECUÁRIA,"R$ 9913,71","0,0%",0159802
MANUTENÇÃO E REPARAÇÃO DE VEÍCULOS AUTOMOTORES,"R$ 9751,36","0,0%",4520008
"ATIVIDADES DE APOIO À EXTRAÇÃO DE MINERAIS, EXCETO PETRÓLEO E GÁS NATURAL","R$ 8606,60","0,0%",0990401
"ATIVIDADES DE CONTABILIDADE, CONSULTORIA E AUDITORIA CONTÁBIL E TRIBUTÁRIA","R$ 8317,11","0,0%",6920601
PESCA,"R$ 7906,38","0,0%",0312401
EDUCAÇÃO SUPERIOR,"R$ 7196,85","0,0%",8532500
"ATIVIDADES ARTÍSTICAS, CRIATIVAS E DE ESPETÁCULOS","R$ 6780,30","0,0%",9001902
ATIVIDADES DE ATENÇÃO AMBULATORIAL EXECUTADAS POR MÉDICOS E ODONTÓLOGOS,"R$ 6640,99","0,0%",8630504
ATIVIDADES DE ATENÇÃO À SAÚDE HUMANA NÃO ESPECIFICADAS ANTERIORMENTE,"R$ 6416,33","0,0%",8690901
"ARMAZENAMENTO, CARGA E DESCARGA","R$ 6211,53","0,0%",5211702
MANUTENÇÃO E REPARAÇÃO DE MÁQUINAS E EQUIPAMENTOS,"R$ 6133,57","0,0%",3314721
OUTRAS ATIVIDADES DE SERVIÇOS PESSOAIS,"R$ 5677,84","0,0%",9609201
METALURGIA DOS METAIS NÃO FERROSOS,"R$ 5647,21","0,0%",2449102
ESGOTO E ATIVIDADES RELACIONADAS,"R$ 5531,08","0,0%",3702900
PECUÁRIA,"R$ 5090,40","0,0%",0159899
ATIVIDADES DE ATENÇÃO AMBULATORIAL EXECUTADAS POR MÉDICOS E ODONTÓLOGOS,"R$ 5031,06","0,0%",8630505
ALUGUEL DE OBJETOS PESSOAIS E DOMÉSTICOS,"R$ 4830,66","0,0%",7729201
"EDIÇÃO DE LIVROS, JORNAIS, REVISTAS E OUTRAS ATIVIDADES DE EDIÇÃO","R$ 4811,85","0,0%",5812301
"COMÉRCIO, MANUTENÇÃO E REPARAÇÃO DE MOTOCICLETAS, PEÇAS E ACESSÓRIOS","R$ 4780,79","0,0%",4542102
DESIGN E DECORAÇÃO DE INTERIORES,"R$ 4597,64","0,0%",7410201
DEMOLIÇÃO E PREPARAÇÃO DO TERRENO,"R$ 4568,21","0,0%",4311801
ATIVIDADES LIGADAS AO PATRIMÔNIO CULTURAL E AMBIENTAL,"R$ 4501,98","0,0%",9102301
ATIVIDADES AUXILIARES DOS TRANSPORTES TERRESTRES,"R$ 4499,70","0,0%",5222200
OUTRAS ATIVIDADES DE ENSINO,"R$ 4475,06","0,0%",8592901
TORREFAÇÃO E MOAGEM DE CAFÉ,"R$ 4327,90","0,0%",1082100
"TRENS TURÍSTICOS, TELEFÉRICOS E SIMILARES","R$ 4117,71","0,0%",4950700
ATIVIDADES DE APOIO À PRODUÇÃO FLORESTAL,"R$ 4072,85","0,0%",0230600
TRATAMENTO E DISPOSIÇÃO DE RESÍDUOS,"R$ 4016,04","0,0%",3822000
METALURGIA DOS METAIS NÃO FERROSOS,"R$ 3898,54","0,0%",2449103
OUTROS SERVIÇOS ESPECIALIZADOS PARA CONSTRUÇÃO,"R$ 3749,15","0,0%",4399101
ATIVIDADES ESPORTIVAS,"R$ 3344,20","0,0%",9319101
OUTRAS ATIVIDADES DE PRESTAÇÃO DE SERVIÇOS DE INFORMAÇÃO,"R$ 2789,83","0,0%",6391700
ATIVIDADES DE APOIO À EDUCAÇÃO,"R$ 2222,40","0,0%",8550302
FABRICAÇÃO DE PRODUTOS E PREPARADOS QUÍMICOS DIVERSOS,"R$ 2112,00","0,0%",2099101
"OBRAS DE INFRAESTRUTURA PARA ENERGIA ELÉTRICA, TELECOMUNICAÇÕES, ÁGUA, ESGOTO E TRANSPORTE POR DUTOS","R$ 2075,64","0,0%",4223500
DEMOLIÇÃO E PREPARAÇÃO DO TERRENO,"R$ 2069,36","0,0%",4319300
ATIVIDADES DE ATENÇÃO À SAÚDE HUMANA NÃO ESPECIFICADAS ANTERIORMENTE,"R$ 1969,77","0,0%",8690904
ATIVIDADES DE APOIO À AGRICULTURA E À PECUÁRIA; ATIVIDADES DE PÓS-COLHEITA,"R$ 1876,00","0,0%",0161003
ALUGUEL DE MÁQUINAS E EQUIPAMENTOS SEM OPERADOR,"R$ 1857,26","0,0%",7731400
"ATIVIDADES DE ORGANIZAÇÕES ASSOCIATIVAS PATRONAIS, EMPRESARIAIS E PROFISSIONAIS","R$ 1805,03","0,0%",9411100
PRODUÇÃO DE FERRO-GUSA E DE FERROLIGAS,"R$ 1234,98","0,0%",2411300
"EXTRAÇÃO DE PEDRA, AREIA E ARGILA","R$ 1152,65","0,0%",0810003
"EDIÇÃO DE LIVROS, JORNAIS, REVISTAS E OUTRAS ATIVIDADES DE EDIÇÃO","R$ 1131,98","0,0%",5812300
ATIVIDADES IMOBILIÁRIAS POR CONTRATO OU COMISSÃO,"R$ 1109,70","0,0%",6821801
OUTRAS ATIVIDADES DE SERVIÇOS PESSOAIS,"R$ 1092,08","0,0%",9601703
"ATIVIDADES DE ASSISTÊNCIA A IDOSOS, DEFICIENTES FÍSICOS, IMUNODEPRIMIDOS E CONVALESCENTES, E DE INFRAESTRUTURA E APOIO A PACIENTES PRESTADAS EM RESIDÊNCIAS COLETIVAS E PARTICULARES","R$ 1049,51","0,0%",8712300
OUTRAS ATIVIDADES DE SERVIÇOS PRESTADOS PRINCIPALMENTE ÀS EMPRESAS,"R$ 855,25","0,0%",8291100
ESGOTO E ATIVIDADES RELACIONADAS,"R$ 828,23","0,0%",3701100
ABATE E FABRICAÇÃO DE PRODUTOS DE CARNE,"R$ 803,76","0,0%",1011204
PLANOS DE SAÚDE,"R$ 777,41","0,0%",6550200
"FABRICAÇÃO DE PILHAS, BATERIAS E ACUMULADORES ELÉTRICOS","R$ 745,75","0,0%",2722802
FABRICAÇÃO DE ÓLEOS E GORDURAS VEGETAIS E ANIMAIS,"R$ 677,12","0,0%",1043100
PRODUÇÃO FLORESTAL - FLORESTAS PLANTADAS,"R$ 622,45","0,0%",0210109
"ATIVIDADES DE PROFISSIONAIS DA ÁREA DE SAÚDE, EXCETO MÉDICOS E ODONTÓLOGOS","R$ 618,98","0,0%",8650099
"REPRESENTANTES COMERCIAIS E AGENTES DO COMÉRCIO, EXCETO DE VEÍCULOS AUTOMOTORES E MOTOCICLETAS","R$ 574,38","0,0%",4618403
PRODUÇÃO DE LAVOURAS PERMANENTES,"R$ 572,12","0,0%",0139304
ATIVIDADES DE ATENÇÃO AMBULATORIAL EXECUTADAS POR MÉDICOS E ODONTÓLOGOS,"R$ 572,07","0,0%",8630501
EDUCAÇÃO SUPERIOR,"R$ 531,60","0,0%",8533300
ATIVIDADES DE SOCIEDADES DE PARTICIPAÇÃO,"R$ 496,55","0,0%",6463800
"EDIÇÃO INTEGRADA À IMPRESSÃO DE LIVROS, JORNAIS, REVISTAS E OUTRAS PUBLICAÇÕES","R$ 400,54","0,0%",5822102
EDUCAÇÃO INFANTIL E ENSINO FUNDAMENTAL,"R$ 389,34","0,0%",8512100
OUTRAS ATIVIDADES DE SERVIÇOS PESSOAIS,"R$ 378,22","0,0%",9601702
PECUÁRIA,"R$ 364,40","0,0%",0152101
"ATIVIDADES CINEMATOGRÁFICAS, PRODUÇÃO DE VÍDEOS E DE PROGRAMAS DE TELEVISÃO","R$ 342,20","0,0%",5911102
ATIVIDADES FOTOGRÁFICAS E SIMILARES,"R$ 321,78","0,0%",7420004
OUTROS SERVIÇOS ESPECIALIZADOS PARA CONSTRUÇÃO,"R$ 307,82","0,0%",4399102
EXTRAÇÃO DE OUTROS MINERAIS NÃO METÁLICOS,"R$ 278,73","0,0%",0891600
"ATIVIDADES DE ASSISTÊNCIA A IDOSOS, DEFICIENTES FÍSICOS, IMUNODEPRIMIDOS E CONVALESCENTES, E DE INFRAESTRUTURA E APOIO A PACIENTES PRESTADAS EM RESIDÊNCIAS COLETIVAS E PARTICULARES","R$ 248,23","0,0%",8711502
FABRICAÇÃO E REFINO DE AÇÚCAR,"R$ 219,42","0,0%",1072401
ATIVIDADES AUXILIARES DOS TRANSPORTES AÉREOS,"R$ 216,73","0,0%",5240199
FABRICAÇÃO DE BRINQUEDOS E JOGOS RECREATIVOS,"R$ 146,99","0,0%",3240002
"ATIVIDADES CINEMATOGRÁFICAS, PRODUÇÃO DE VÍDEOS E DE PROGRAMAS DE TELEVISÃO","R$ 92,25","0,0%",5911101
OUTRAS ATIVIDADES DE SERVIÇOS PESSOAIS,"R$ 91,39","0,0%",9603303
"ATIVIDADES DE CONTABILIDADE, CONSULTORIA E AUDITORIA CONTÁBIL E TRIBUTÁRIA","R$ 77,52","0,0%",6920602
PRODUÇÃO DE LAVOURAS TEMPORÁRIAS,"R$ 59,50","0,0%",0116402
AQÜICULTURA,"R$ 57,60","0,0%",0321302
ABATE E FABRICAÇÃO DE PRODUTOS DE CARNE,"R$ 55,58","0,0%",1012102
"ATIVIDADES AUXILIARES DOS SEGUROS, DA PREVIDÊNCIA COMPLEMENTAR E DOS PLANOS DE SAÚDE","R$ 43,61","0,0%",6629100
ATIVIDADES DE ATENDIMENTO HOSPITALAR,"R$ 38,09","0,0%",8610102
PUBLICIDADE,"R$ 36,70","0,0%",7319004
COMÉRCIO ATACADISTA ESPECIALIZADO EM OUTROS PRODUTOS,"R$ 33,57","0,0%",4681804
"ATIVIDADES CINEMATOGRÁFICAS, PRODUÇÃO DE VÍDEOS E DE PROGRAMAS DE TELEVISÃO","R$ 27,51","0,0%",5912099
OUTRAS ATIVIDADES DE ENSINO,"R$ 12,24","0,0%",8592999
OUTRAS ATIVIDADES DE ENSINO,"R$ 12,01","0,0%",8592903
"ATIVIDADES ARTÍSTICAS, CRIATIVAS E DE ESPETÁCULOS","R$ 12,00","0,0%",9001904
REPRODUÇÃO DE MATERIAIS GRAVADOS EM QUALQUER SUPORTE,"R$ 6,96","0,0%",1830001
TORREFAÇÃO E MOAGEM DE CAFÉ,"R$ 4,32","0,0%",1081301
"ATIVIDADES CINEMATOGRÁFICAS, PRODUÇÃO DE VÍDEOS E DE PROGRAMAS DE TELEVISÃO","R$ 4,14","0,0%",5913800
"ATIVIDADES DE PROFISSIONAIS DA ÁREA DE SAÚDE, EXCETO MÉDICOS E ODONTÓLOGOS","R$ 2,86","0,0%",8650001
ATIVIDADES DE TELEVISÃO,"R$ 0,60","0,0%",6022502
